Abgabe Bericht Praxis II (T2000), Jahrgang 2021, 11.09.2023, 15:30, Moodle;https://it.dhbw-stuttgart.de/DHermine/termedit.php?page=tprint&sel_typ=pub&sel_bezeichnung=*&selection=*&permission=show&sessionid=&user=nobody&DB=Termine_Informatik&field=Datum&sort=ASC
Abgabe Gutachten Praxis II (T2000), Jahrgang 2021, 11.09.2023, 15:30, per Upload;https://it.dhbw-stuttgart.de/DHermine/termedit.php?page=tprint&sel_typ=pub&sel_bezeichnung=*&selection=*&permission=show&sessionid=&user=nobody&DB=Termine_Informatik&field=Datum&sort=ASC
Mündl. Prüfung T2000, Jahrgang 2021, 25.09.2023, 08:00, bis 27.09.23;https://it.dhbw-stuttgart.de/DHermine/termedit.php?page=tprint&sel_typ=pub&sel_bezeichnung=*&selection=*&permission=show&sessionid=&user=nobody&DB=Termine_Informatik&field=Datum&sort=ASC
Abgabe Gutachten Bachelorarbeit, Jahrgang 2020, 30.09.2023, 15:30, Per Upload;https://it.dhbw-stuttgart.de/DHermine/termedit.php?page=tprint&sel_typ=pub&sel_bezeichnung=*&selection=*&permission=show&sessionid=&user=nobody&DB=Termine_Informatik&field=Datum&sort=ASC
Abgabe Gutachten Praxis I (T1000), Jahrgang 2022, 30.09.2023, 24:00, Über Firma per Upload;https://it.dhbw-stuttgart.de/DHermine/termedit.php?page=tprint&sel_typ=pub&sel_bezeichnung=*&selection=*&permission=show&sessionid=&user=nobody&DB=Termine_Informatik&field=Datum&sort=ASC
Abgabe Reflexionsbericht, Jahrgang 2022, 30.09.2023, 24:00, Teil A: Über Firma per Upload, Teil B: Moodle;https://it.dhbw-stuttgart.de/DHermine/termedit.php?page=tprint&sel_typ=pub&sel_bezeichnung=*&selection=*&permission=show&sessionid=&user=nobody&DB=Termine_Informatik&field=Datum&sort=ASC
Abgabe Reflexionsbericht, Jahrgang 2021, 30.09.2023, 24:00, Teil A: Über Firma per Upload, Teil B: Moodle;https://it.dhbw-stuttgart.de/DHermine/termedit.php?page=tprint&sel_typ=pub&sel_bezeichnung=*&selection=*&permission=show&sessionid=&user=nobody&DB=Termine_Informatik&field=Datum&sort=ASC
1. Semester Praxis, Jahrgang 2023, 02.10.2023, 08:00, bis 26.11.23;https://it.dhbw-stuttgart.de/DHermine/termedit.php?page=tprint&sel_typ=pub&sel_bezeichnung=*&selection=*&permission=show&sessionid=&user=nobody&DB=Termine_Informatik&field=Datum&sort=ASC
5. Semester Theorie, Jahrgang 2021, 02.10.2023, 08:00, bis 24.12.2023;https://it.dhbw-stuttgart.de/DHermine/termedit.php?page=tprint&sel_typ=pub&sel_bezeichnung=*&selection=*&permission=show&sessionid=&user=nobody&DB=Termine_Informatik&field=Datum&sort=ASC
3. Semester Praxis, Jahrgang 2022, 27.11.2023, 08:00, bis 03.03.24;https://it.dhbw-stuttgart.de/DHermine/termedit.php?page=tprint&sel_typ=pub&sel_bezeichnung=*&selection=*&permission=show&sessionid=&user=nobody&DB=Termine_Informatik&field=Datum&sort=ASC
1. Semester Theorie, Jahrgang 2023, 27.11.2023, 08:00, bis 24.12.23;https://it.dhbw-stuttgart.de/DHermine/termedit.php?page=tprint&sel_typ=pub&sel_bezeichnung=*&selection=*&permission=show&sessionid=&user=nobody&DB=Termine_Informatik&field=Datum&sort=ASC
Anmeldung Thema Praxis II (T2000), Jahrgang 2022, 11.12.2023, 24:00, Moodle;https://it.dhbw-stuttgart.de/DHermine/termedit.php?page=tprint&sel_typ=pub&sel_bezeichnung=*&selection=*&permission=show&sessionid=&user=nobody&DB=Termine_Informatik&field=Datum&sort=ASC
1. Semester Praxis, Jahrgang 2023, 25.12.2023, 08:00, bis 07.01.24;https://it.dhbw-stuttgart.de/DHermine/termedit.php?page=tprint&sel_typ=pub&sel_bezeichnung=*&selection=*&permission=show&sessionid=&user=nobody&DB=Termine_Informatik&field=Datum&sort=ASC
5. Semester Praxis, Jahrgang 2021, 25.12.2023, 08:00, bis 11.02.24;https://it.dhbw-stuttgart.de/DHermine/termedit.php?page=tprint&sel_typ=pub&sel_bezeichnung=*&selection=*&permission=show&sessionid=&user=nobody&DB=Termine_Informatik&field=Datum&sort=ASC
1. Semester Theorie, 2023, 08.01.2024, 08:00, bis 03.03.24;https://it.dhbw-stuttgart.de/DHermine/termedit.php?page=tprint&sel_typ=pub&sel_bezeichnung=*&selection=*&permission=show&sessionid=&user=nobody&DB=Termine_Informatik&field=Datum&sort=ASC
Anmeldung Thema Praxis III (T3000), Jahrgang 2021, 15.01.2024, 24:00, Moodle;https://it.dhbw-stuttgart.de/DHermine/termedit.php?page=tprint&sel_typ=pub&sel_bezeichnung=*&selection=*&permission=show&sessionid=&user=nobody&DB=Termine_Informatik&field=Datum&sort=ASC
6. Semester Theorie, Jahrgang 2021, 12.02.2024, 08:00, bis 05.05.2024;https://it.dhbw-stuttgart.de/DHermine/termedit.php?page=tprint&sel_typ=pub&sel_bezeichnung=*&selection=*&permission=show&sessionid=&user=nobody&DB=Termine_Informatik&field=Datum&sort=ASC
4. Semester Theorie, Jahrgang 2022, 04.03.2024, 08:00, bis 26.05.24;https://it.dhbw-stuttgart.de/DHermine/termedit.php?page=tprint&sel_typ=pub&sel_bezeichnung=*&selection=*&permission=show&sessionid=&user=nobody&DB=Termine_Informatik&field=Datum&sort=ASC
2. Semester Praxis, Jahrgang 2023, 04.03.2024, 08:00, bis 05.05.24;https://it.dhbw-stuttgart.de/DHermine/termedit.php?page=tprint&sel_typ=pub&sel_bezeichnung=*&selection=*&permission=show&sessionid=&user=nobody&DB=Termine_Informatik&field=Datum&sort=ASC
Anmeldung Bachelorthema, Jahrgang 2021, 21.03.2024, 24:00, Moodle;https://it.dhbw-stuttgart.de/DHermine/termedit.php?page=tprint&sel_typ=pub&sel_bezeichnung=*&selection=*&permission=show&sessionid=&user=nobody&DB=Termine_Informatik&field=Datum&sort=ASC
Anmeldung Thema Praxis I (T1000), Jahrgang 2023, 25.03.2024, 24:00, Moodle;https://it.dhbw-stuttgart.de/DHermine/termedit.php?page=tprint&sel_typ=pub&sel_bezeichnung=*&selection=*&permission=show&sessionid=&user=nobody&DB=Termine_Informatik&field=Datum&sort=ASC
2. Semester Theorie, Jahrgang 2023, 06.05.2024, 08:00, bis 28.07.24;https://it.dhbw-stuttgart.de/DHermine/termedit.php?page=tprint&sel_typ=pub&sel_bezeichnung=*&selection=*&permission=show&sessionid=&user=nobody&DB=Termine_Informatik&field=Datum&sort=ASC
6. Semester Praxis, Jahrgang 2021, 06.05.2024, 08:00, bis 30.09.24;https://it.dhbw-stuttgart.de/DHermine/termedit.php?page=tprint&sel_typ=pub&sel_bezeichnung=*&selection=*&permission=show&sessionid=&user=nobody&DB=Termine_Informatik&field=Datum&sort=ASC
4. Semester Praxis, Jahrgang 2022, 27.05.2024, 08:00, bis 29.09.24;https://it.dhbw-stuttgart.de/DHermine/termedit.php?page=tprint&sel_typ=pub&sel_bezeichnung=*&selection=*&permission=show&sessionid=&user=nobody&DB=Termine_Informatik&field=Datum&sort=ASC
Anmeldung Thema Praxis II (T2000), Jahrgang 2022, 03.06.2024, 24:00, Moodle;https://it.dhbw-stuttgart.de/DHermine/termedit.php?page=tprint&sel_typ=pub&sel_bezeichnung=*&selection=*&permission=show&sessionid=&user=nobody&DB=Termine_Informatik&field=Datum&sort=ASC
Abgabe Studienarbeit, Jahrgang 2021, 13.06.2024, 24:00, Moodle;https://it.dhbw-stuttgart.de/DHermine/termedit.php?page=tprint&sel_typ=pub&sel_bezeichnung=*&selection=*&permission=show&sessionid=&user=nobody&DB=Termine_Informatik&field=Datum&sort=ASC
Beginn Bachelorarbeit, Jahrgang 2021, 17.06.2024, 08:00, bis 09.09.24;https://it.dhbw-stuttgart.de/DHermine/termedit.php?page=tprint&sel_typ=pub&sel_bezeichnung=*&selection=*&permission=show&sessionid=&user=nobody&DB=Termine_Informatik&field=Datum&sort=ASC
Abgabe Bericht Praxis III (T3000), Jahrgang 2021, 19.06.2024, 24:00, Moodle;https://it.dhbw-stuttgart.de/DHermine/termedit.php?page=tprint&sel_typ=pub&sel_bezeichnung=*&selection=*&permission=show&sessionid=&user=nobody&DB=Termine_Informatik&field=Datum&sort=ASC
2. Semester Praxis, Jahrgang 2023, 29.07.2024, 08:00, bis 08.09.24;https://it.dhbw-stuttgart.de/DHermine/termedit.php?page=tprint&sel_typ=pub&sel_bezeichnung=*&selection=*&permission=show&sessionid=&user=nobody&DB=Termine_Informatik&field=Datum&sort=ASC
Abgabe Bachelorarbeit, Jahrgang 2021, 09.09.2024, 15:30, Upload in Moodle;https://it.dhbw-stuttgart.de/DHermine/termedit.php?page=tprint&sel_typ=pub&sel_bezeichnung=*&selection=*&permission=show&sessionid=&user=nobody&DB=Termine_Informatik&field=Datum&sort=ASC
Abgabe Bericht T1000, Jahrgang 2023, 09.09.2024, 24:00, Moodle;https://it.dhbw-stuttgart.de/DHermine/termedit.php?page=tprint&sel_typ=pub&sel_bezeichnung=*&selection=*&permission=show&sessionid=&user=nobody&DB=Termine_Informatik&field=Datum&sort=ASC
Abgabe Reflexionsbericht, Jahrgang 2021, 09.09.2024, 24:00, Teil A: Über Firma per Upload, Teil B: Moodle;https://it.dhbw-stuttgart.de/DHermine/termedit.php?page=tprint&sel_typ=pub&sel_bezeichnung=*&selection=*&permission=show&sessionid=&user=nobody&DB=Termine_Informatik&field=Datum&sort=ASC
Abgabe Gutachten Praxis II (T2000), Jahrgang 2022, 09.09.2024, 15:30, Per Upload;https://it.dhbw-stuttgart.de/DHermine/termedit.php?page=tprint&sel_typ=pub&sel_bezeichnung=*&selection=*&permission=show&sessionid=&user=nobody&DB=Termine_Informatik&field=Datum&sort=ASC
Abgabe Bericht Praxis II (T2000) , Jahrgang 2022, 09.09.2024, 15:30, Per Upload;https://it.dhbw-stuttgart.de/DHermine/termedit.php?page=tprint&sel_typ=pub&sel_bezeichnung=*&selection=*&permission=show&sessionid=&user=nobody&DB=Termine_Informatik&field=Datum&sort=ASC
3. Semester Theorie, Jahrgang 2023, 09.09.2024, 08:00, bis 1.12.24;https://it.dhbw-stuttgart.de/DHermine/termedit.php?page=tprint&sel_typ=pub&sel_bezeichnung=*&selection=*&permission=show&sessionid=&user=nobody&DB=Termine_Informatik&field=Datum&sort=ASC
Mündliche Prüfung T2000, Jahrgang 2022, 23.09.2024, 24:00, bis 25.09.24;https://it.dhbw-stuttgart.de/DHermine/termedit.php?page=tprint&sel_typ=pub&sel_bezeichnung=*&selection=*&permission=show&sessionid=&user=nobody&DB=Termine_Informatik&field=Datum&sort=ASC
Abgabe Reflexionsericht, Jahrgang 2023, 30.09.2024, 24:00, Teil A: Über Firma per Upload, Teil B: Moodle;https://it.dhbw-stuttgart.de/DHermine/termedit.php?page=tprint&sel_typ=pub&sel_bezeichnung=*&selection=*&permission=show&sessionid=&user=nobody&DB=Termine_Informatik&field=Datum&sort=ASC
Abgabe Gutachten Bachelorarbeit, Jahrgang 2021, 30.09.2024, 15:30, Per Upload;https://it.dhbw-stuttgart.de/DHermine/termedit.php?page=tprint&sel_typ=pub&sel_bezeichnung=*&selection=*&permission=show&sessionid=&user=nobody&DB=Termine_Informatik&field=Datum&sort=ASC
Abgabe Reflexionsbericht , Jahrgang 2022, 30.09.2024, 24:00, Teil A: Über Firma per Upload, Teil B: Moodle;https://it.dhbw-stuttgart.de/DHermine/termedit.php?page=tprint&sel_typ=pub&sel_bezeichnung=*&selection=*&permission=show&sessionid=&user=nobody&DB=Termine_Informatik&field=Datum&sort=ASC
5. Semester Theorie, Jahrgang 2022, 30.09.2024, 08:00, bis 22.12.24;https://it.dhbw-stuttgart.de/DHermine/termedit.php?page=tprint&sel_typ=pub&sel_bezeichnung=*&selection=*&permission=show&sessionid=&user=nobody&DB=Termine_Informatik&field=Datum&sort=ASC
Abgabe Gutachten Praxis I (T1000), Jahrgang 2023, 04.10.2024, 24:00, Per Upload;https://it.dhbw-stuttgart.de/DHermine/termedit.php?page=tprint&sel_typ=pub&sel_bezeichnung=*&selection=*&permission=show&sessionid=&user=nobody&DB=Termine_Informatik&field=Datum&sort=ASC
3. Semester Praxis, Jahrgang 2023, 02.12.2024, 08:00, bis 09.03.25;https://it.dhbw-stuttgart.de/DHermine/termedit.php?page=tprint&sel_typ=pub&sel_bezeichnung=*&selection=*&permission=show&sessionid=&user=nobody&DB=Termine_Informatik&field=Datum&sort=ASC
Anmeldung Thema Praxis II (T2000), Jahrgang 2023, 16.12.2024, 24:00, Moodle;https://it.dhbw-stuttgart.de/DHermine/termedit.php?page=tprint&sel_typ=pub&sel_bezeichnung=*&selection=*&permission=show&sessionid=&user=nobody&DB=Termine_Informatik&field=Datum&sort=ASC
5. Semester Praxis, Jahrgang 2022, 23.12.2024, 08:00, bis 09.02.25;https://it.dhbw-stuttgart.de/DHermine/termedit.php?page=tprint&sel_typ=pub&sel_bezeichnung=*&selection=*&permission=show&sessionid=&user=nobody&DB=Termine_Informatik&field=Datum&sort=ASC
Anmeldung Thema Praxis III (T3000), Jahrgang 2022, 13.01.2025, 24:00, Moodle;https://it.dhbw-stuttgart.de/DHermine/termedit.php?page=tprint&sel_typ=pub&sel_bezeichnung=*&selection=*&permission=show&sessionid=&user=nobody&DB=Termine_Informatik&field=Datum&sort=ASC
6. Semester Theorie, Jahrgang 2022, 10.02.2025, 08:00, bis 04.05.25;https://it.dhbw-stuttgart.de/DHermine/termedit.php?page=tprint&sel_typ=pub&sel_bezeichnung=*&selection=*&permission=show&sessionid=&user=nobody&DB=Termine_Informatik&field=Datum&sort=ASC
4. Semester Theorie, Jahrgang 2023, 10.03.2025, 08:00, bis 01.06.25;https://it.dhbw-stuttgart.de/DHermine/termedit.php?page=tprint&sel_typ=pub&sel_bezeichnung=*&selection=*&permission=show&sessionid=&user=nobody&DB=Termine_Informatik&field=Datum&sort=ASC
Anmeldung Thema Bachelorarbeit, Jahrgang 2022, 24.03.2025, 24:00, Moodle;https://it.dhbw-stuttgart.de/DHermine/termedit.php?page=tprint&sel_typ=pub&sel_bezeichnung=*&selection=*&permission=show&sessionid=&user=nobody&DB=Termine_Informatik&field=Datum&sort=ASC
6. Semester Praxis, Jahrgang 2022, 05.05.2025, 08:00, bis 30.09.25;https://it.dhbw-stuttgart.de/DHermine/termedit.php?page=tprint&sel_typ=pub&sel_bezeichnung=*&selection=*&permission=show&sessionid=&user=nobody&DB=Termine_Informatik&field=Datum&sort=ASC
4. Semester Praxis, Jahrgang 2023, 02.06.2025, 08:00, bis 28.09.25;https://it.dhbw-stuttgart.de/DHermine/termedit.php?page=tprint&sel_typ=pub&sel_bezeichnung=*&selection=*&permission=show&sessionid=&user=nobody&DB=Termine_Informatik&field=Datum&sort=ASC
Anmeldung Thema Praxis II (T2000), Jahrgang 2023, 09.06.2025, 24:00, Moodle;https://it.dhbw-stuttgart.de/DHermine/termedit.php?page=tprint&sel_typ=pub&sel_bezeichnung=*&selection=*&permission=show&sessionid=&user=nobody&DB=Termine_Informatik&field=Datum&sort=ASC
Abgabe Studienarbeit, Jahrgang 2022, 12.06.2025, 24:00, Moodle;https://it.dhbw-stuttgart.de/DHermine/termedit.php?page=tprint&sel_typ=pub&sel_bezeichnung=*&selection=*&permission=show&sessionid=&user=nobody&DB=Termine_Informatik&field=Datum&sort=ASC
Beginn Bachelorarbeit, Jahrgang 2022, 16.06.2025, 08:00,;https://it.dhbw-stuttgart.de/DHermine/termedit.php?page=tprint&sel_typ=pub&sel_bezeichnung=*&selection=*&permission=show&sessionid=&user=nobody&DB=Termine_Informatik&field=Datum&sort=ASC
Abgabe Bericht Praxis III (T3000), Jahrgang 2022, 19.06.2025, 24:00, Moodle;https://it.dhbw-stuttgart.de/DHermine/termedit.php?page=tprint&sel_typ=pub&sel_bezeichnung=*&selection=*&permission=show&sessionid=&user=nobody&DB=Termine_Informatik&field=Datum&sort=ASC
Abgabe Gutachten Praxis II (T2000), Jahrgang 2023, 08.09.2025, 24:00, Per Upload;https://it.dhbw-stuttgart.de/DHermine/termedit.php?page=tprint&sel_typ=pub&sel_bezeichnung=*&selection=*&permission=show&sessionid=&user=nobody&DB=Termine_Informatik&field=Datum&sort=ASC
Abgabe Reflexionsbericht, Jahrgang 2022, 08.09.2025, 24:00, Teil A: Über Firma per Upload, Teil B: Moodle;https://it.dhbw-stuttgart.de/DHermine/termedit.php?page=tprint&sel_typ=pub&sel_bezeichnung=*&selection=*&permission=show&sessionid=&user=nobody&DB=Termine_Informatik&field=Datum&sort=ASC
Abgabe Bachelorarbeit, Jahrgang 2022, 08.09.2025, 15:30, Upload in Moodle;https://it.dhbw-stuttgart.de/DHermine/termedit.php?page=tprint&sel_typ=pub&sel_bezeichnung=*&selection=*&permission=show&sessionid=&user=nobody&DB=Termine_Informatik&field=Datum&sort=ASC
Abgabe Bericht Praxis II (T2000), Jahrgang 2023, 08.09.2025, 24:00, Per Upload;https://it.dhbw-stuttgart.de/DHermine/termedit.php?page=tprint&sel_typ=pub&sel_bezeichnung=*&selection=*&permission=show&sessionid=&user=nobody&DB=Termine_Informatik&field=Datum&sort=ASC
Mündliche Prüfung T2000, Jahrgang 2023, 22.09.2025, 08:00, bis 24.09.25;https://it.dhbw-stuttgart.de/DHermine/termedit.php?page=tprint&sel_typ=pub&sel_bezeichnung=*&selection=*&permission=show&sessionid=&user=nobody&DB=Termine_Informatik&field=Datum&sort=ASC
5. Semester Theorie, Jahrgang 2023, 29.09.2025, 08:00, bis 21.12.25;https://it.dhbw-stuttgart.de/DHermine/termedit.php?page=tprint&sel_typ=pub&sel_bezeichnung=*&selection=*&permission=show&sessionid=&user=nobody&DB=Termine_Informatik&field=Datum&sort=ASC
Abgabe Reflexionsbericht, Jahrgang 2023, 30.09.2025, 24:00, Teil A: Über Firma per Upload, Teil B: Moodle;https://it.dhbw-stuttgart.de/DHermine/termedit.php?page=tprint&sel_typ=pub&sel_bezeichnung=*&selection=*&permission=show&sessionid=&user=nobody&DB=Termine_Informatik&field=Datum&sort=ASC
Abgabe Gutachten Bachelorarbeit, Jahrgang 2022, 30.09.2025, 15:30, Per Upload;https://it.dhbw-stuttgart.de/DHermine/termedit.php?page=tprint&sel_typ=pub&sel_bezeichnung=*&selection=*&permission=show&sessionid=&user=nobody&DB=Termine_Informatik&field=Datum&sort=ASC
5. Semester Praxis, Jahrgang 2023, 22.12.2025, 08:00, bis 08.02.26;https://it.dhbw-stuttgart.de/DHermine/termedit.php?page=tprint&sel_typ=pub&sel_bezeichnung=*&selection=*&permission=show&sessionid=&user=nobody&DB=Termine_Informatik&field=Datum&sort=ASC
Anmeldung Thema Praxis III (T3000), Jahrgang 2023, 19.01.2026, 24:00, Moodle;https://it.dhbw-stuttgart.de/DHermine/termedit.php?page=tprint&sel_typ=pub&sel_bezeichnung=*&selection=*&permission=show&sessionid=&user=nobody&DB=Termine_Informatik&field=Datum&sort=ASC
6. Semester Theorie, Jahrgang 2023, 09.02.2026, 08:00, bis 03.05.26;https://it.dhbw-stuttgart.de/DHermine/termedit.php?page=tprint&sel_typ=pub&sel_bezeichnung=*&selection=*&permission=show&sessionid=&user=nobody&DB=Termine_Informatik&field=Datum&sort=ASC
Anmeldung Thema Bachelorarbeit, Jahrgang 2023, 23.03.2026, 24:00, Moodle;https://it.dhbw-stuttgart.de/DHermine/termedit.php?page=tprint&sel_typ=pub&sel_bezeichnung=*&selection=*&permission=show&sessionid=&user=nobody&DB=Termine_Informatik&field=Datum&sort=ASC
6. Semester Praxis, Jahrgang 2023, 04.05.2026, 08:00, bis 30.09.26;https://it.dhbw-stuttgart.de/DHermine/termedit.php?page=tprint&sel_typ=pub&sel_bezeichnung=*&selection=*&permission=show&sessionid=&user=nobody&DB=Termine_Informatik&field=Datum&sort=ASC
Beginn Bachelorarbeit, Jahrgang 2023, 15.06.2026, 08:00,;https://it.dhbw-stuttgart.de/DHermine/termedit.php?page=tprint&sel_typ=pub&sel_bezeichnung=*&selection=*&permission=show&sessionid=&user=nobody&DB=Termine_Informatik&field=Datum&sort=ASC
Abgabe Bericht Praxis III (T3000), Jahrgang 2023, 18.06.2026, 24:00, Moodle;https://it.dhbw-stuttgart.de/DHermine/termedit.php?page=tprint&sel_typ=pub&sel_bezeichnung=*&selection=*&permission=show&sessionid=&user=nobody&DB=Termine_Informatik&field=Datum&sort=ASC
Abgabe Gutachten Praxis III (T3000), Jahrgang 2023, 17.07.2026, 24:00, Per Upload;https://it.dhbw-stuttgart.de/DHermine/termedit.php?page=tprint&sel_typ=pub&sel_bezeichnung=*&selection=*&permission=show&sessionid=&user=nobody&DB=Termine_Informatik&field=Datum&sort=ASC
Abgabe Bachelorarbeit, Jahrgang 2023, 07.09.2026, 15:30, Upload in Moodle;https://it.dhbw-stuttgart.de/DHermine/termedit.php?page=tprint&sel_typ=pub&sel_bezeichnung=*&selection=*&permission=show&sessionid=&user=nobody&DB=Termine_Informatik&field=Datum&sort=ASC
Abgabe Reflexionsbericht, Jahrgang 2023, 07.09.2026, 24:00, Teil A: Über Firma per Upload, Teil B: Moodle;https://it.dhbw-stuttgart.de/DHermine/termedit.php?page=tprint&sel_typ=pub&sel_bezeichnung=*&selection=*&permission=show&sessionid=&user=nobody&DB=Termine_Informatik&field=Datum&sort=ASC
Abgabe Gutachten Bachelorarbeit, Jahrgang 2023, 30.09.2026, 15:30, Per Upload;https://it.dhbw-stuttgart.de/DHermine/termedit.php?page=tprint&sel_typ=pub&sel_bezeichnung=*&selection=*&permission=show&sessionid=&user=nobody&DB=Termine_Informatik&field=Datum&sort=ASC
2.1 Generelle Anforderungen und Betreuung in den Praxismodulen Die Studierenden sollen durch die Module Praxisprojekt I, II und III die in den Modulen genannten Lernziele erreichen und die entsprechenden Kompetenzen erwerben (vgl. dazu die Beschreibungen der Module T3_1000, T3_2000 und T3_3X00 für die Studienjahrgänge ab 2017, in der Anlage). Die Dokumentation der Module erfolgt jeweils durch eine „Tabellarische Übersicht des Ablaufs der Praxisphase“, die „Studentische Reflexion der Praxisphase“ und die in dem jeweiligen Modul anzufertigende Projektarbeit. Das Thema der Projektarbeit wird in der Regel vom Dualen Partner gestellt und orientiert sich dabei an den Ausbildungsplänen des entsprechenden Studiengangs. Die Grundlagen zur Erstellung einer qualifizierten Dokumentation werden in den Seminaren „Wissenschaftliches Arbeiten I, II und III“ im jeweiligen Studienjahr vermittelt. Die Studienakademie benennt für die Betreuung der Projektarbeit eine wissenschaftlich qualifizierte Prüferin oder einen wissenschaftlich qualifizierten Prüfer. Diese Person muss eine fachlich und wissenschaftlich ausgewiesene Vertreterin bzw. ein fachlich und wissenschaftlich ausgewiesener Vertreter der Praxis, eine Professorin oder ein Professor oder akademische Mitarbeiterin oder akademischer Mitarbeiter einer Hochschule sein. Die betriebliche Betreuerin bzw. der betriebliche Betreuer gehört in der Regel dem Dualen Partner an, in dem die Projektarbeiten erstellt werden, und betreut die Studierenden bei der Durchführung der Projektarbeiten. Bei Bedarf können organisatorische und administrative Fragen außerdem mit den Ausbildungsverantwortlichen des Dualen Partners besprochen werden. Die haupt- und nebenberuflichen Dozentinnen und Dozenten der DHBW stehen insbesondere für die wissenschaftlichen Aspekte ebenfalls zur Verfügung. Es ist eine Mitarbeit beim eigenen Unternehmen oder einem Tochter- oder Partnerunternehmen auch im Ausland möglich. Die Projektarbeiten können in Deutsch oder einer Fremdsprache erstellt werden. Die Fremdsprache ist zu Beginn des Moduls durch die Studienakademie nach Rücksprache mit der Studierenden oder dem Studierenden sowie der Betreuerin oder dem Betreuer des Dualen Partners festzulegen. Die Erstellung der Projektarbeiten und der Bachelorarbeit sind Prüfungsleistungen des Studiums. Für die Anfertigung ist den Studierenden ausreichend Gelegenheit in dem in den „Richtlinien für die Eignungsvoraussetzungen und das Zulassungsverfahren von Praxispartnern (Ausbildungsstätten) der Dualen Hochschule Baden-Württemberg für ein Bachelor-Studium“ festgelegten Umfang einzuräumen (Studienvertrag DHBW – Version 07/2018 Ziffer 5.6).;https://www.dhbw.de/fileadmin/user_upload/Dokumente/Dokumente_fuer_Studierende/191212_Leitlinien_Praxismodule_Studien_Bachelorarbeiten.pdf
2.2 Benotung und Beurteilungskriterien Die Bewertung der Module erfolgt nach Maßgabe der Studien- und Prüfungsordnung DHBW Technik in den meisten Modulen mit einer Note. Diese wird mit einer Dezimalstelle angegeben und kann zwischen 1,0 (sehr gut) und 5,0 (mangelhaft) liegen. Die „Anleitung zur Bewertung von Projekt-, Studien- und Bachelorarbeiten“ enthält das Bewertungsschema der Fachkommission Technik zur Beurteilung der Arbeiten.;https://www.dhbw.de/fileadmin/user_upload/Dokumente/Dokumente_fuer_Studierende/191212_Leitlinien_Praxismodule_Studien_Bachelorarbeiten.pdf
2.3 Dokumentation und äußere Form Für alle Arbeiten sind die im Kapitel 8 dargestellten Ausführungen einzuhalten. Bachelorarbeiten, Projektarbeiten, Studienarbeiten sowie Hausarbeiten sind jeweils einmal in gedruckter Ausfertigung und einmal in elektronischer Form (Textdatei und gegebenenfalls weiterer digitaler Anlagen) bei der Studienakademie einzureichen. Abweichungen definiert die Studienakademie. Alle Umfangsangaben sind jeweils Richtwerte, die keinesfalls dazu führen sollen, dass Trivialitäten dokumentiert werden, um die vorgegebenen Angaben zu erreichen. Andererseits sollen Studierende nicht genötigt werden, wesentliche Teile ihrer Arbeit zur Erreichung der Angaben zu kürzen. In aller Regel ist jedoch im jeweils angegebenen Umfang eine Arbeit problemlos zu bewältigen. Bei Ausnahmen sollten die Studierenden die Arbeit ggf. mit Hilfe der Betreuenden kritisch analysieren.;https://www.dhbw.de/fileadmin/user_upload/Dokumente/Dokumente_fuer_Studierende/191212_Leitlinien_Praxismodule_Studien_Bachelorarbeiten.pdf
2.4 Aufgabenstellung und Änderungen bei Aufgabenstellung und Titel Die Studierenden können in Abstimmung mit der betrieblichen Betreuerin bzw. dem betrieblichen Betreuer der Projekt-, Studien- oder Bachelorarbeit, den genehmigten Titel der Arbeit anpassen, insbesondere, wenn inhaltliche Gründe dies erfordern. Die Betreuerin bzw. der Betreuer prüft, dass keine oder nur geringfügige Änderungen der inhaltlichen Thematik mit der Änderung des Titels einhergehen. Geänderte Titel sind dem Studiengangssekretariat mitzuteilen, damit die korrekten Angaben ins Zeugnis übernommen werden können. Bei Projekt- und Bachelorarbeiten ist eine Kopie des Anmeldeformulars und ggf. eine schriftliche Begründung für die Änderung des Titels oder der Inhalte zu Beginn der Arbeit einzufügen. Eine mehr als geringfügige inhaltliche Änderung genehmigungspflichtiger Arbeiten nach ihrer Freigabe muss – wie eine erste Anmeldung – schriftlich von der Hochschule genehmigt werden.;https://www.dhbw.de/fileadmin/user_upload/Dokumente/Dokumente_fuer_Studierende/191212_Leitlinien_Praxismodule_Studien_Bachelorarbeiten.pdf
2.5 Vertraulichkeit, Geheimhaltung Alle Berichte und Arbeiten sind für Beurteilung und Bewertung den hauptamtlichen Mitarbeiterinnen und Mitarbeitern der DHBW und den eventuell mit der Betreuung oder Bewertung betrauten nebenberuflichen Dozenten und Dozentinnen bzw. Mitgliedern des Prüfungsausschusses zugänglich. Diese sind zur Vertraulichkeit verpflichtet. Einschränkungen bezüglich der Weitergabe zu Beurteilungs- und Bewertungszwecken, z.B. Ausschluss von bestimmten Personen oder Mitgliedern bestimmter Dualer Partner bei der Mitarbeit im Prüfungsausschuss, werden nach Möglichkeit bei der Planung berücksichtigt, können jedoch nicht gewährleistet werden. Ggf. muss die Arbeit entsprechend formuliert oder im Extremfall ein anderes Thema gewählt werden. Bei Bedarf können die Arbeiten mit einem entsprechenden Sperrvermerk (auf dem Titelblatt oder auf der zweiten Seite) versehen werden. Dadurch wird gewährleistet, dass die Arbeit im Anschluss an die Bewertung anderen Personenkreisen nicht zugänglich gemacht wird (z.B. Auslage in der Bibliothek). Weitere Informationen finden Sie im Infoblatt: Vertraulichkeit Studentischer Arbeiten. http://www.dhbw.de/fileadmin/user_upload/Dokumente/Broschueren_Handbuch_Betriebe/Infoblatt_Vertraulichkeit.pdf;https://www.dhbw.de/fileadmin/user_upload/Dokumente/Dokumente_fuer_Studierende/191212_Leitlinien_Praxismodule_Studien_Bachelorarbeiten.pdf
2.6 Termine und Abbruch Die Abgabetermine jeder Arbeit sowie ggf. die Termine für die Bewertung durch die Betreuenden und Prüfenden werden rechtzeitig – spätestens mit dem Beginn der Arbeit – von der Studiengangsleitung bekannt gegeben. Diese Termine sind einzuhalten, da sonst aus rechtlichen Gründen die Arbeit als mit der Note „nicht ausreichen“ (5,0) bzw. „nicht bestanden“ bewertetet gilt und dies eine Wiederholung der Arbeit zur Folge hat. Nicht bestandene Projektarbeiten können einmal wiederholt werden und sind dazu nochmals zu überarbeiten. Studien- und Bachelorarbeiten können dagegen nicht mit dem gleichen Thema wiederholt werden. Muss eine Arbeit durch Verschulden der bzw. des Studierenden abgebrochen werden, wird sie als nicht bestanden bewertet. Aus wichtigen Gründen – wie z.B. bei längerer Krankheit – kann mit einem Antrag (ggf. inklusive Krankmeldung) beim zuständigen Sekretariat um eine Verschiebung des Abgabetermins gebeten werden. Der wichtige Grund muss der Hochschule – unverzüglich – schriftlich – glaubhaft – gemacht werden. Im Krankheitsfall ist unverzüglich ein ärztliches Attest vorzulegen. Wenn Sie aus wichtigem Grund an der Abgabe einer Prüfungsleistung verhindert sind, können Sie die Prüfungsleistung später nachholen (§ 13 Studien- und Prüfungsordnung DHBW Technik). Die Ausführungen der Studien- und Prüfungsordnung DHBW Technik sind zu beachten;https://www.dhbw.de/fileadmin/user_upload/Dokumente/Dokumente_fuer_Studierende/191212_Leitlinien_Praxismodule_Studien_Bachelorarbeiten.pdf
2.7 Abgabe der Arbeiten Die Arbeiten können per Post eingesandt werden. Alternativ können während der Theoriephasen die Arbeiten auch persönlich im zuständigen Sekretariat abgegeben werden, zu anderen Zeiten ggf. nach vorheriger Absprache. Die Arbeiten sind jeweils einmal in gedruckter Ausfertigung und einmal in elektronischer Form (Textdatei und gegebenenfalls weiterer digitaler Anlagen) bei der Studienakademie einzureichen. Eine Empfangsbestätigung wird nicht ausgestellt. Bei Bedarf ist die Form des Einschreibens zu wählen. Maßgeblich für die fristgerechte Abgabe bei Postversand ist das Datum des Poststempels.;https://www.dhbw.de/fileadmin/user_upload/Dokumente/Dokumente_fuer_Studierende/191212_Leitlinien_Praxismodule_Studien_Bachelorarbeiten.pdf
"2.8 Eigenleistung Bei Bachelor-, Studien- und Projektarbeiten hat die Studierende bzw. der Studierende schriftlich zu erklären, dass die Prüfungsleistung selbstständig und nur mit den angegebenen Quellen und Hilfsmitteln verfasst wurde. Der Text dieser Erklärung muss auf der zweiten Seite der Arbeit lauten: Erklärung
Ich versichere hiermit, dass ich meine Bachelorarbeit (bzw. Projektarbeit oder Studienarbeit bzw.
Hausarbeit) mit dem Thema: (…) selbstständig verfasst und keine anderen als die angegebenen Quellen und Hilfsmittel benutzt habe. Ich versichere zudem, dass die eingereichte elektronische Fassung
mit der gedruckten Fassung übereinstimmt.
-------------------------------------------------- -----------------------------------
Ort Datum Unterschrift Eine unzulässige Verwendung von Quellen (Plagiarismus) führt nach § 11 Absatz 5, 6 und 7 Studien- und
Prüfungsordnung DHBW Technik zur Note “nicht ausreichend“ (5,0) bzw. „nicht bestanden“!";https://www.dhbw.de/fileadmin/user_upload/Dokumente/Dokumente_fuer_Studierende/191212_Leitlinien_Praxismodule_Studien_Bachelorarbeiten.pdf
Modul Praxisprojekt I (T3_1000), 1. Studienjahr, Zeitpunkt1: Praxisphase 1, Unit 1: Projektarbeit, Unit 2: 40 Stunden, Dauer2: 560 Stunden, Umfang Doku (Unit 1): ca. 25 – 35 Seiten3, Charakter: Betreutes, aber im wesentlichen selbstständiges Erstellen der Projektarbeit, Dokumentation: Projektarbeit, Ablauf und Reflexion der Praxisphase – Teil A – Tabellarische Übersicht des Ablaufs der Praxisphase, Ablauf und Reflexion der Praxisphase – Teil B – Studentische Reflexion der Praxisphase, Literaturrecherche: Notwendig (in geringem Umfang), Bewertung: Bewertungsvorschlag (bestanden / nicht bestanden) durch Betreuungsperson, Bewertung durch Prüfungsausschuss, Ort: Dualer Partner (auch Ausland), Anmeldung + Genehmigung: Durch Praxisplan zu Studienbeginn;https://www.dhbw.de/fileadmin/user_upload/Dokumente/Dokumente_fuer_Studierende/191212_Leitlinien_Praxismodule_Studien_Bachelorarbeiten.pdf
Modul Praxisprojekt II (T3_2000), 2. Studienjahr, Zeitpunkt1: Praxisphase 3 und 4, Unit 1: Projektarbeit 2, Unit 2: 30 Stunden, Dauer2: 560 Stunden, Umfang Doku (Unit 1): ca. 50 – 70 Seiten3, Charakter: Betreutes, aber im wesentlichen selbstständiges Erstellen der Projektarbeit, Dokumentation: Projektarbeit(en)4, Ablauf und Reflexion der Praxisphase – Teil A – Tabellarische Übersicht des Ablaufs der Praxisphase, Ablauf und Reflexion der Praxisphase – Teil B – Studentische Reflexion der Praxisphase, Literaturrecherche: Notwendig, Bewertung: Bewertungsvorschlag (differenzierte Note mit Gutachten) durch Betreuungsperson, Bewertung durch Prüfungsausschuss. Note mündliche Prüfung durch Prüfungsausschuss, Ort: Dualer Partner (auch Ausland), Anmeldung + Genehmigung: Durch individuelle Anmeldung, Genehmigung durch DHBW;https://www.dhbw.de/fileadmin/user_upload/Dokumente/Dokumente_fuer_Studierende/191212_Leitlinien_Praxismodule_Studien_Bachelorarbeiten.pdf
Modul Praxisprojekt III (T3_3000), 3. Studienjahr, Zeitpunkt1: Praxisphase 5, Unit 1: Hausarbeit, Unit 2: 20 Stunden, Dauer2: 220 Stunden, Umfang Doku (Unit 1): ca. 3 – 7 Seiten3, Charakter: Im wesentlichen selbstständige Bearbeitung und Erstellung der Hausarbeit, Dokumentation: Hausarbeit, Ablauf und Reflexion der Praxisphase – Teil A – Tabellarische Übersicht des Ablaufs der Praxisphase, Ablauf und Reflexion der Praxisphase – Teil B – Studentische Reflexion der Praxisphase, Literaturrecherche: Notwendig, Bewertung: Bewertung (bestanden/nicht bestanden) durch die Dozentin/den Dozenten für wissenschaftliches Arbeiten oder der Prüferin/des Prüfers der Hausarbeit, Ort: Dualer Partner (auch Ausland), Anmeldung + Genehmigung: Durch individuelle Anmeldung, Genehmigung durch DHBW;https://www.dhbw.de/fileadmin/user_upload/Dokumente/Dokumente_fuer_Studierende/191212_Leitlinien_Praxismodule_Studien_Bachelorarbeiten.pdf
Modul Studienarbeit(en) (T3_3100 bzw. T3_3200), 3. Studienjahr, Zeitpunkt1: Theoriephase 5 und/oder 6, Unit 1: Studienarbeit, Unit 2: - , Dauer2: 150h (5 ECTS) bzw. 300 h (10 ECTS), Umfang Doku (Unit 1): ca. 40 – 70 Seiten3, Charakter: Größtenteils selbstständige Bearbeitung und Erstellung der Arbeit, Dokumentation: Wissenschaftliche Arbeit (siehe Kapitel 6), Literaturrecherche: Umfassend notwendig, Bewertung: Note der Dozentin/des Dozenten für wissenschaftliches Arbeiten oder der Betreuerin/des Betreuers der Studienarbeit, Ort: i.d.R. DHBW, Anmeldung + Genehmigung: Vergabe durch DHBW;https://www.dhbw.de/fileadmin/user_upload/Dokumente/Dokumente_fuer_Studierende/191212_Leitlinien_Praxismodule_Studien_Bachelorarbeiten.pdf
Modul Bachelorarbeit (T3_3300), 3. Studienjahr, Zeitpunkt1: Praxisphase 6, Unit 1: Bachelorarbeit, Unit 2: - , Dauer2: 360h (12 Wochen), Umfang Doku (Unit 1): ca. 60 – 80 Seiten3 (bei 10 ECTS), Charakter: Dokumentation: Wissenschaftliche Arbeit (siehe Kapitel 7), Literaturrecherche: Umfassend notwendig, Bewertung: Je eine Gutachterin bzw. ein Gutachter des Dualen Partners und der DHBW, Ort: Dualer Partner (auch Ausland), Anmeldung + Genehmigung: Individuelle Anmeldung, Prüfung und Genehmigung durch DHBW;https://www.dhbw.de/fileadmin/user_upload/Dokumente/Dokumente_fuer_Studierende/191212_Leitlinien_Praxismodule_Studien_Bachelorarbeiten.pdf
"1 Der Begriff „Praxisphase 5“ bezeichnet beispielsweise diejenigen Praxisabschnitte, die in das fünfte Studienhalbjahr fallen. Dabei kann die konkrete Lage der Praxiseinsätze im betreffenden Studienjahr von
Studiengang zu Studiengang variieren.
2 Die Angabe der Dauer bezieht sich auf den zugrundeliegenden Workload aus Präsenzstunden und
Selbststudiumsstunden der Projekt-, Studien-, bzw. Bachelorarbeiten aus der Unit 1 (siehe auch Workloadtabelle und Modulbeschreibungen in der Anlage).
3 ohne Verzeichnisse und Anhänge
Bitte beachten: Die Umfangsangaben für eine Arbeit sind grobe Richtwerte, keinesfalls soll eine gute
Arbeit aufgrund dieser Richtwerte mit Füllmaterial gestreckt werden oder durch Löschen von qualifizierten Inhalten gekürzt werden.
4 Statt einer Projektarbeit sind auch zwei kleine Projektarbeiten möglich.
5 Das Modul Praxisprojekt II beinhaltet auch eine Unit Mündliche Prüfung, die mit 1 Präsenzstunde und 9
Selbststudiumsstunden beinhaltet.
Die Übersicht für noch offene Leistungen aus dem Curriculum 2011 (Studienjahrgänge bis 2016) befindet sich
im Anhang)";https://www.dhbw.de/fileadmin/user_upload/Dokumente/Dokumente_fuer_Studierende/191212_Leitlinien_Praxismodule_Studien_Bachelorarbeiten.pdf
3 Modul Praxisprojekt I (T3_1000 in 1. und 2. Praxisphase) 3.1 Anforderungen Die Studierenden kennen die wichtigsten technischen und organisatorischen Prozesse in Teilbereichen ihres Dualen Partners und können deren Funktion darlegen. Mit der Projektarbeit im ersten Studienjahr soll eine fachlich fundierte Ausarbeitung erstellt werden, die eine fachorientierte Reflexion der Prozesse und Strukturen des Unternehmens ermöglicht. Diese kann keinesfalls lediglich ein Berichtsheft über den Ablauf der Praxisphasen sein. Vielmehr weist die Projektarbeit nach, dass die Studierenden die Verbindung von Praxis zu Theorie herstellen können und dazu sowohl akademische Themen in betrieblichen Prozessen wiederfinden als auch betriebliche Praxis vor dem Hintergrund von Studieninhalten einordnen können. Hierfür sollen einzelne Tätigkeitsschwerpunkte der ersten und/oder zweiten Praxisphase exemplarisch detaillierter beleuchtet werden. Die Themenstellung der Praxisarbeiten der T3_1000 wird entsprechend der „Praxispläne der Studiengänge“ vom Dualen Partner spezifiziert.;https://www.dhbw.de/fileadmin/user_upload/Dokumente/Dokumente_fuer_Studierende/191212_Leitlinien_Praxismodule_Studien_Bachelorarbeiten.pdf
3 Modul Praxisprojekt I (T3_1000 in 1. und 2. Praxisphase) 3.2 Dokumentation Für die Dokumentation wird folgende Gliederung (vgl. 8.2) erwartet:  Titelblatt mit Angabe wesentlicher Daten wie Namen, Dualer Partner und den bearbeiteten Tätigkeitsschwerpunkten  Überblick Tätigkeiten der Praxisphasen (Ablauf und Reflexion der Praxisphase Teil A)  Inhaltsverzeichnis  Ggf. weitere Verzeichnisse  Tätigkeitsschwerpunkt 1 o Aufgabenstellung o Einordnung der Aufgabenstellung in übergeordnete Prozesse/Geschäftsziele o Verknüpfung zu Vorlesungsinhalten o Praktische Lösung o Kritische, inhaltliche Reflexion von Theorie und Praxis  Tätigkeitsschwerpunkt 2 o …  Ggf. Zusammenfassung und Ausblick  Literaturverzeichnis  Ggf. Anhang 9 / 55 Die Projektarbeit soll für das erste Studienjahr 25 bis 35 Seiten umfassen (ohne Verzeichnisse und Anhänge), sowie alle nötigen Abbildungen und Tabellen beinhalten. Verwendete Quellen sind formal korrekt zu zitieren. Wichtige Grundlagen sind anhand geeigneter Literatur zu belegen. Zusätzlich zur Projektarbeit ist ein „Ablauf- und Reflexionsbericht“ separat abzugeben (Ablauf und Reflexion der Praxisphase).;https://www.dhbw.de/fileadmin/user_upload/Dokumente/Dokumente_fuer_Studierende/191212_Leitlinien_Praxismodule_Studien_Bachelorarbeiten.pdf
"3 Modul Praxisprojekt I (T3_1000 in 1. und 2. Praxisphase) 3.3 Bearbeitungszeit
Je Praxisphase (d.h. also je Studienhalbjahr) sind die Tätigkeiten im Tätigkeitsnachweis aufzuführen. Die im
Formular Ablauf und Reflexion der Praxisphase – Teil A – Tabellarische Übersicht des Ablaufs der Praxisphase dokumentiert dabei die Tätigkeitsschwerpunkt(e).";https://www.dhbw.de/fileadmin/user_upload/Dokumente/Dokumente_fuer_Studierende/191212_Leitlinien_Praxismodule_Studien_Bachelorarbeiten.pdf
"3 Modul Praxisprojekt I (T3_1000 in 1. und 2. Praxisphase) 3.4 Abgabe und Bewertung
Die Arbeiten können per Post eingesandt werden. Alternativ können während der Theoriephasen die Arbeiten
auch persönlich im zuständigen Sekretariat abgegeben werden, zu anderen Zeiten ggf. nach vorheriger Absprache. Die Arbeiten sind jeweils einmal in gedruckter Ausfertigung und einmal in elektronischer Form (Textdatei und gegebenenfalls weiterer digitaler Anlagen) bei der Studienakademie einzureichen.
Eine Empfangsbestätigung wird nicht ausgestellt. Bei Bedarf ist die Form des Einschreibens zu wählen.
Maßgeblich für die fristgerechte Abgabe bei Postversand ist das Datum des Poststempels.
Die betriebliche Betreuerin bzw. der betriebliche Betreuer prüft anhand des Berichtes, ob die gestellten Anforderungen hinsichtlich fachlicher Inhalte, erworbener und dokumentierter Kompetenzen und Dokumentation
erfüllt sind. Die betriebliche Betreuerin bzw. der betriebliche Betreuer erstellt einen Bewertungsvorschlag (bestanden/nicht bestanden). Der Prüfungsausschuss bewertet die Projektarbeit unter Berücksichtigung des Bewertungsvorschlags, d.h., dass der Bewertungsvorschlag übernommen werden kann, in begründeten Fällen
aber auch geändert werden kann. Bei positiver Prüfung wird die Prüfungsleistung entsprechend mit „bestanden“ bewertet.";https://www.dhbw.de/fileadmin/user_upload/Dokumente/Dokumente_fuer_Studierende/191212_Leitlinien_Praxismodule_Studien_Bachelorarbeiten.pdf
"4 Modul Praxisprojekt II (T3_ 2000 in 3. und 4. Praxisphase) 4.1 Anforderungen
Mit den Projektarbeiten im 2. Studienjahr wird die Fähigkeit erreicht, das bisher erworbene Wissen aus verschiedenen Fachgebieten auf Projekte anzuwenden und innerhalb einer vorgegebenen Frist ein Problem aus
dem jeweiligen Fachgebiet nach wissenschaftlichen Methoden unter Anleitung zu bearbeiten.
Die Studierenden lernen die Arbeitsweise einer Ingenieurin bzw. eines Ingenieurs oder einer Informatikerin
bzw. eines Informatikers kennen und dabei theoretische, fachliche und betriebspraktische Inhalte miteinander
zu verbinden.
Die Projektarbeiten sollen das qualifizierte Arbeiten an einem kleinen, weitgehend selbstständig bearbeiteten
Projekt dokumentieren. ";https://www.dhbw.de/fileadmin/user_upload/Dokumente/Dokumente_fuer_Studierende/191212_Leitlinien_Praxismodule_Studien_Bachelorarbeiten.pdf
"4 Modul Praxisprojekt II (T3_ 2000 in 3. und 4. Praxisphase) 4.2 Themenfindung, Anmeldung und Genehmigung der Projektarbeit
Ausgehend von einer gegebenen Problemstellung muss das Ziel der Projektarbeit klar definiert werden. Aus
der Beschreibung des geplanten Vorgehens muss darüber hinaus der Eigenanteil der Studierenden am Projekt eindeutig erkennbar sein.
Bei der Konkretisierung und inhaltlichen Ausgestaltung der Aufgabenstellung ist darauf zu achten, dass die
wesentlichen Aspekte einer Projektarbeit, wie beispielsweise die Analyse der gegebenen Problemstellung sowie die Reflexion und Bewertung der erhaltenen Ergebnisse, in angemessener Weise Berücksichtigung finden
Die auf diese Weise definierte Aufgabenstellung wird der zuständigen Studiengangsleitung vorgelegt. Diese
prüft und genehmigt das Thema und erteilt die endgültige Freigabe.
Die Projektarbeiten werden beim Dualen Partner durchgeführt.
Die bei der Anmeldung einzuhaltenden Formalien werden rechtzeitig vom Studiengang mitgeteilt. Alle Formulare finden sich unter http://www.dhbw.de/die-dhbw/dokumente.html#Dokumente_Technik.";https://www.dhbw.de/fileadmin/user_upload/Dokumente/Dokumente_fuer_Studierende/191212_Leitlinien_Praxismodule_Studien_Bachelorarbeiten.pdf
"4 Modul Praxisprojekt II (T3_ 2000 in 3. und 4. Praxisphase) 4.3 Dokumentation
Die Projektarbeit(en)
 dokumentieren Aufgabenstellung, Herangehensweise, Lösungsvorschläge und Ergebnisse detailliert.
 weisen nach, dass die Studierenden die Verbindung von Praxis zu Theorie herstellen und dazu sowohl
akademische Themen in betrieblichen Prozessen wiederfinden als auch betriebliche Praxis vor dem
Hintergrund von Wissenschaft und Forschung einordnen können.
 genügen in Inhalt, Form und Sprache einer wissenschaftlichen Arbeit. Hierbei ist insbesondere auf die
Verwendung gendergerechter Sprache zu achten.
 sollten bei zwei Arbeiten jeweils 25 – 35 Seiten bzw. bei einer Arbeit 50 – 70 Seiten umfassen (ohne
Verzeichnisse und Anhänge),
11 / 55
Bitte beachten: Die Umfangsangaben für eine Arbeit sind grobe Richtwerte, keinesfalls soll eine gute Arbeit
aufgrund dieser Richtwerte mit Füllmaterial gestreckt oder durch Löschen von qualifizierten Inhalten gekürzt
werden.
Zusätzlich zur Hausarbeit ist ein „Ablauf- und Reflexionsbericht“ separat abzugeben (Ablauf und Reflexion der
Praxisphase).";https://www.dhbw.de/fileadmin/user_upload/Dokumente/Dokumente_fuer_Studierende/191212_Leitlinien_Praxismodule_Studien_Bachelorarbeiten.pdf
"4 Modul Praxisprojekt II (T3_ 2000 in 3. und 4. Praxisphase) 4.4 Bearbeitungszeit
Je Praxisphase (d.h. also je Studienhalbjahr) sind die Tätigkeiten im Tätigkeitsnachweis aufzuführen. Die im
Formular Ablauf und Reflexion der Praxisphase – Teil A – Tabellarische Übersicht des Ablaufs der Praxisphase dokumentiert dabei die Tätigkeitsschwerpunkt(e).";https://www.dhbw.de/fileadmin/user_upload/Dokumente/Dokumente_fuer_Studierende/191212_Leitlinien_Praxismodule_Studien_Bachelorarbeiten.pdf
"4 Modul Praxisprojekt II (T3_ 2000 in 3. und 4. Praxisphase) 4.5 Abgabe und Bewertung
Die Arbeiten können per Post eingesandt werden. Alternativ können während der Theoriephasen die Arbeiten
auch persönlich im zuständigen Sekretariat abgegeben werden, zu anderen Zeiten ggf. nach vorheriger Absprache. Die Arbeiten sind jeweils einmal in gedruckter Ausfertigung und einmal in elektronischer Form (Textdatei und gegebenenfalls weiterer digitaler Anlagen) bei der Studienakademie einzureichen.
Eine Empfangsbestätigung wird nicht ausgestellt. Bei Bedarf ist die Form des Einschreibens zu wählen.
Maßgeblich für die fristgerechte Abgabe bei Postversand ist das Datum des Poststempels.
Die von der Studienakademie benannte Prüferin (betriebliche Betreuerin) bzw. der von der Studienakademie
benannte Prüfer (betrieblicher Betreuer) bewertet die Projektarbeit auf Grundlage des vom Studienbereich
Technik festgelegten Bewertungsschemas (“Schematische Bewertung“ unter http://www.dhbw.de/diedhbw/dokumente.html#Dokumente_Technik) und begründet die Bewertung. Dieser Notenvorschlag wird
durch den Prüfungsausschuss bestätigt bzw. kann in begründeten Fällen durch den Ausschuss auch geändert
werden.
Ein zweiter Teil der Bewertung der Praxisphasen 3 und 4 erfolgt durch eine mündliche Prüfung.
Die mündliche Prüfung besteht aus zwei Teilen:
1.Teil: Präsentation der Projektarbeit
2.Teil: Fragen, die sich überwiegend auf die praxisbezogenen Studieninhalte sowie die zu Grunde liegenden theoretischen Konzepte beziehen.
Die Notengewichtung der Mündlichen Prüfung:
30 % für die Präsentation (1. Teil)
70 % für die Fragen (2. Teil)
Organisation und Ablauf wird vom Prüfungsausschuss festgelegt. Außerdem wird auf die Studien- und Prüfungsordnung DHBW Technik verwiesen.";https://www.dhbw.de/fileadmin/user_upload/Dokumente/Dokumente_fuer_Studierende/191212_Leitlinien_Praxismodule_Studien_Bachelorarbeiten.pdf
"5 Modul Praxisprojekt III (T3_3000 in der 5. Praxisphase) 5.1 Anforderungen
Die Studierenden können theoretisches Wissen in Beziehung zur praktischen Anwendung setzen und damit
qualifizierte Problemlösungen entwickeln und bewerten. Die dazugehörige Prüfungsleistung des Moduls in
Form der Hausarbeit soll für eine praktische Problemstellung wissenschaftliches Arbeiten und Dokumentieren
nachweisen. Dies kann in der Praxisphase selbst, im Seminar „Wissenschaftliches Arbeiten“, im Rahmen der
Studienarbeit oder der Bachelorarbeit erfolgen.";https://www.dhbw.de/fileadmin/user_upload/Dokumente/Dokumente_fuer_Studierende/191212_Leitlinien_Praxismodule_Studien_Bachelorarbeiten.pdf
"5 Modul Praxisprojekt III (T3_3000 in der 5. Praxisphase) 5.2 Dokumentation
Die Dokumentation wird im Seminar „Wissenschaftliches Arbeiten III“, im Praxisprojekt III oder während der
Studien- bzw. Bachelorarbeit entwickelt und als Hausarbeit von den Studierenden abgegeben.
Für die Dokumentation wird folgende Gliederung empfohlen:
• Gliederung der Arbeit, alternativ zur Gliederung ein Arbeitsplan
• Wissenschaftliche Vorgehensweise (Methoden, Literatur)
• Ggf. auch ein kurzes Feedback, was umgesetzt wurde
• Umfang: 3 – 7 Seiten
Zusätzlich zur Hausarbeit ist ein „Ablauf- und Reflexionsbericht“ separat abzugeben (Ablauf und Reflexion der
Praxisphase)";https://www.dhbw.de/fileadmin/user_upload/Dokumente/Dokumente_fuer_Studierende/191212_Leitlinien_Praxismodule_Studien_Bachelorarbeiten.pdf
"5 Modul Praxisprojekt III (T3_3000 in der 5. Praxisphase) 5.3 Bearbeitungszeit
Je Praxisphase (d.h. also je Studienhalbjahr) sind die Tätigkeiten im Tätigkeitsnachweis aufzuführen. Die im
Formular Ablauf und Reflexion der Praxisphase – Teil A – Tabellarische Übersicht des Ablaufs der Praxisphase dokumentiert dabei die Tätigkeitsschwerpunkt(e).";https://www.dhbw.de/fileadmin/user_upload/Dokumente/Dokumente_fuer_Studierende/191212_Leitlinien_Praxismodule_Studien_Bachelorarbeiten.pdf
"5 Modul Praxisprojekt III (T3_3000 in der 5. Praxisphase) 5.4 Abgabe und Bewertung
Die Arbeiten können per Post eingesandt werden. Alternativ können während der Theoriephasen die Arbeiten
auch persönlich im zuständigen Sekretariat abgegeben werden, zu anderen Zeiten ggf. nach vorheriger Absprache. Die Arbeiten sind jeweils einmal in gedruckter Ausfertigung und einmal in elektronischer Form (Textdatei und gegebenenfalls weiterer digitaler Anlagen) bei der Studienakademie einzureichen.
Eine Empfangsbestätigung wird nicht ausgestellt. Bei Bedarf ist die Form des Einschreibens zu wählen.
Maßgeblich für die fristgerechte Abgabe bei Postversand ist das Datum des Poststempels.
Die Hausarbeit wird mit „bestanden“ oder „nicht bestanden“ bewertet.";https://www.dhbw.de/fileadmin/user_upload/Dokumente/Dokumente_fuer_Studierende/191212_Leitlinien_Praxismodule_Studien_Bachelorarbeiten.pdf
"6 Modul Studienarbeit (T3_3100 bzw. T3_3200 in 5./6. Theoriephase) 6.1 Anforderungen und Ablauf
Während der fünften und/oder sechsten Theoriephase sollen die Studierenden eigenständig wissenschaftliche
Arbeiten anfertigen. Dadurch sollen sie die im entsprechenden Modul genannten Lernziele erreichen und die
entsprechenden Kompetenzen erwerben.
Die Themen der Studienarbeiten werden von der DHBW gestellt, Themenvorschläge durch den Dualen Partner oder nebenberufliche Dozentinnen bzw. Dozenten sind willkommen. Die Aufgabenstellungen orientieren
sich dabei an den Studienplänen der Studiengänge. Die Studienakademie führt die Vergabe der Themen an
die Studierenden durch.
Im Rahmen der Studienarbeit soll für die Studierenden neben der fachlichen Auseinandersetzung mit dem
gestellten Thema insbesondere das eigenverantwortliche Einarbeiten in eine neue Themenstellung, das Suchen und Auswerten geeigneter Informationen, die Verknüpfung zugrundeliegender theoretischer Überlegungen mit den praktischen Gegebenheiten und die wissenschaftlich korrekte Darstellung und Aufbereitung ihrer
Ergebnisse im Vordergrund stehen";https://www.dhbw.de/fileadmin/user_upload/Dokumente/Dokumente_fuer_Studierende/191212_Leitlinien_Praxismodule_Studien_Bachelorarbeiten.pdf
"6 Modul Studienarbeit (T3_3100 bzw. T3_3200 in 5./6. Theoriephase) 6.2 Betreuung
Jede Studienarbeit wird von einem haupt- oder nebenberuflichen Mitglied des Lehrkörpers individuell betreut.
Die Betreuerinnen und Betreuer werden durch Besprechungen regelmäßig über Stand und Entwicklung und
weiteren Ablauf der Arbeit informiert. Bei dringender Notwendigkeit kann zu diesen Zeiten der Umfang der
Aufgabenstellung angepasst werden.";https://www.dhbw.de/fileadmin/user_upload/Dokumente/Dokumente_fuer_Studierende/191212_Leitlinien_Praxismodule_Studien_Bachelorarbeiten.pdf
"6 Modul Studienarbeit (T3_3100 bzw. T3_3200 in 5./6. Theoriephase) 6.3 Dokumentation
Die Dokumentation des Moduls erfolgt durch schriftlich ausgearbeitete Studienarbeiten. Diese dokumentieren
Aufgabenstellung, Herangehensweise, Lösungsvorschläge und Ergebnisse detailliert, zeigen eine gründliche
Aufarbeitung der theoretischen Hintergründe der Themenstellung. Dies beinhaltet vor allem eine entsprechende Literaturrecherche und Diskussion und die Auswahl geeigneter Lösungsansätze für die konkrete Fragestellung der Arbeit, weisen nach, dass die Studierenden die Verbindung von Praxis zu Theorie herstellen
und dazu sowohl akademische Themen in betrieblichen Prozessen wiederfinden als auch betriebliche Praxis
vor dem Hintergrund von Wissenschaft und Forschung einordnen können, genügen in Inhalt, Form und Sprache einer wissenschaftlichen Arbeit. Hierbei ist auf die Verwendung gendergerechter Sprache zu achten.
Die Studienarbeiten sollten jeweils 40 – 70 Seiten umfassen (ohne Verzeichnisse und Anhänge).
Bitte beachten: Die Umfangsangaben für eine Arbeit sind Richtwerte, keinesfalls soll eine gute Arbeit aufgrund
dieser Richtwerte mit Füllmaterial gestreckt werden oder durch Löschen von qualifizierten Inhalten gekürzt
werden.";https://www.dhbw.de/fileadmin/user_upload/Dokumente/Dokumente_fuer_Studierende/191212_Leitlinien_Praxismodule_Studien_Bachelorarbeiten.pdf
"6 Modul Studienarbeit (T3_3100 bzw. T3_3200 in 5./6. Theoriephase) 6.4 Bearbeitungszeit
Die Bearbeitung der Studienarbeiten erfolgt in der fünften und/oder sechsten Theoriephase. Der Zeitaufwand
für die Bearbeitung der Themenstellung einer Studienarbeit und die Dokumentation der Ergebnisse sollte in
der Größenordnung von 150 Arbeitsstunden (5 ECTS) bzw. 300 Arbeitsstunden (10 ECTS) liegen.
Die Dokumentation ist fristgerecht abzugeben (siehe Kapitel 2.6)";https://www.dhbw.de/fileadmin/user_upload/Dokumente/Dokumente_fuer_Studierende/191212_Leitlinien_Praxismodule_Studien_Bachelorarbeiten.pdf
"6 Modul Studienarbeit (T3_3100 bzw. T3_3200 in 5./6. Theoriephase) 6.5 Abgabe der Studienarbeit und Bewertung
Die Arbeiten können per Post eingesandt werden. Die Arbeiten sind jeweils einmal in gedruckter Ausfertigung
und einmal in elektronischer Form (Textdatei und gegebenenfalls weiterer digitaler Anlagen) bei der Studienakademie einzureichen.
Eine Empfangsbestätigung wird nicht ausgestellt. Bei Bedarf ist die Form des Einschreibens zu wählen.
Maßgeblich für die fristgerechte Abgabe bei Postversand ist das Datum des Poststempels.
Der Abgabetermin wird von der DHBW bei Ausgabe des Themas festgelegt. Die Betreuerin bzw. der Betreuer
erstellt, unter Anwendung der „Anleitung zur Bewertung von Projekt-, Studien- und Bachelorarbeiten“ eine
Bewertung in Form einer Note. Die Note ist in einer schriftlichen, kurzen Beurteilung zu begründen.";https://www.dhbw.de/fileadmin/user_upload/Dokumente/Dokumente_fuer_Studierende/191212_Leitlinien_Praxismodule_Studien_Bachelorarbeiten.pdf
"7 Modul Bachelorarbeit (T3_3300 in der 6. Praxisphase) 7.1 Anforderungen und Ablauf
In der Bachelorarbeit sollen die Studierenden zeigen, dass sie in der Lage sind, durch wirtschaftlich-technischwissenschaftliches Denken und Arbeiten eine aus der betrieblichen Anwendung vorgeschlagene Aufgabe mit
Hilfe der an der Hochschule vermittelten Stoffinhalte, wissenschaftlicher Literatur sowie der im Ausbildungsbetrieb erworbenen Fertigkeiten und Kenntnisse selbständig und fristgerecht zu lösen (vgl. dazu die Beschreibung des Moduls T3_3300). Die Bachelorarbeit wendet die im Studium erworbenen Fach- und Methodenkompetenzen unter Einbeziehung der je nach Studiengang speziell erworbenen Fähigkeiten in experimenteller,
theoretischer oder konstruktiver Art an. Sie kann daher aus einer beliebigen Kombination dieser Möglichkeiten
bestehen.
Das Thema und der Titel der Bachelorarbeit werden vom Dualen Partner formuliert und mit Aufgabenstellung
und Herangehensweise der Hochschule zur Genehmigung vorgelegt. Es kann – jeweils angepasst an die
Ausbildungspläne des entsprechenden Studiengangs – von theoretischer, praktischer oder konstruktiver Art
sein oder aus einer beliebigen Kombination dieser 3 Möglichkeiten bestehen. Die Hochschule gibt nach Überprüfung und Genehmigung das Thema an die Studierenden aus. Für den Genehmigungs- und Freigabeprozess werden von der DHBW Termine vorgegeben.
Bei der Formulierung des Titels ist auf folgendes zu achten:
 Länge: Der Titel sollte ca. 5 bis 10 Worte lang sein, längere Titel deuten auf eine extreme Einschränkung
des Themas hin.
 Ein Tätigkeitsverb oder Nomen, die die Tätigkeit beschreiben, sollten enthalten sein.
 Allgemeinverständlichkeit: Der Titel sollte einem externen Dritten (z.B. Bewerbungsempfänger) eine grobe
Einordnung der Arbeit ermöglichen.
 Produkt- und Firmennamen: Der Titel sollte keine Produkt- und Firmennamen enthalten, da diese die Allgemeinverständlichkeit reduzieren und das Thema einschränken.
 Abkürzungen: Der Titel sollte keine Abkürzungen enthalten; Ausnahmen sind dabei allgemeinverständliche Abkürzungen für Technologien und Verfahren (z.B. CAD, RFID oder IFRS)
Der Titel der Bachelorarbeit wird im Abschlusszeugnis aufgenommen, deshalb sollte ein Titel entwickelt werden, der noch in vielen Jahren verständlich und nachvollziehbar ist.
Sollte eine Änderung an Titel oder Themenstellung nötig werden, ist Kapitel 2.4 zu beachten.";https://www.dhbw.de/fileadmin/user_upload/Dokumente/Dokumente_fuer_Studierende/191212_Leitlinien_Praxismodule_Studien_Bachelorarbeiten.pdf
"7 Modul Bachelorarbeit (T3_3300 in der 6. Praxisphase) 7.2 Dokumentation
Die schriftliche Dokumentation der Bachelorarbeit muss
 Aufgabenstellung, Herangehensweise, Lösungsvorschläge und Ergebnisse detailliert dokumentieren,
 eine gründliche Aufarbeitung der theoretischen Hintergründe der Themenstellung zeigen. Dies beinhaltet
vor allem eine entsprechende Literaturrecherche und Diskussion und die Auswahl geeigneter Lösungsansätze für die konkrete Fragestellung der Arbeit,
 nachweisen, dass der Studierende die Verbindung von Praxis zu Theorie herstellen und dazu sowohl
akademische Themen in betrieblichen Prozessen wiederfinden als auch betriebliche Praxis vor dem Hintergrund von Wissenschaft und Forschung einordnen kann,
 in Inhalt, Form und Sprache einer wissenschaftlichen Arbeit genügen. Hierbei ist auch auf Verwendung
gendergerechter Sprache zu achten.
Die Dokumentation der Arbeit soll dabei eine geordnete Darstellung und Diskussion der angestellten Untersuchungen und Ergebnisse in knapper Form beinhalten, jedoch so ausführlich sein, dass eine Nachprüfung im
Einzelnen möglich ist. Genau wie in der Praxis sollen andere diese Unterlagen verstehen, nachprüfen und
verwerten können.
Die Darstellung soll sich auf das Wesentliche und Notwendige beschränken. Ausführliche Ableitungen, die in
der Literatur nachgelesen werden können, gehören nicht in die Ausarbeitung. Eine Diskussion des augenblicklichen Standes der Technik im bearbeiteten Themengebiet muss allerdings erfolgen.
Es ist stets darauf zu achten, dass sich die Ausführungen in straffer Gedankenführung auf die wesentlichen
Punkte, Probleme und Ergebnisse beschränken. Die Bachelorarbeit sollte in der Regel 60 – 80 Seiten (ohne
Verzeichnisse und Anhänge) umfassen; sofern die Aufgabenstellung eine umfangreichere Dokumentation erfordert ist dies mit der Studiengangsleitung abzustimmen.
Details zur Erstellung einer qualifizierten Dokumentation werden im Seminar „Wissenschaftliches Arbeiten III“
im dritten Studienjahr vermittelt.
Bitte beachten: Die Umfangsangaben für eine Arbeit sind Richtwerte, keinesfalls soll eine gute Arbeit aufgrund
dieser Richtwerte mit Füllmaterial gestreckt oder durch Löschen von qualifizierten Inhalten gekürzt werden.";https://www.dhbw.de/fileadmin/user_upload/Dokumente/Dokumente_fuer_Studierende/191212_Leitlinien_Praxismodule_Studien_Bachelorarbeiten.pdf
"7 Modul Bachelorarbeit (T3_3300 in der 6. Praxisphase) 7.3 Bearbeitungszeit
Für die Bachelorarbeit ist gemäß der Studien- und Prüfungsordnung DHBW Technik eine Bearbeitungszeit
von 12 Wochen vorgesehen. In begründeten Ausnahmefällen wie z.B. bei längerer Krankheit, erlaubt die Studien- und Prüfungsordnung DHBW Technik aufgrund eines formlosen Antrags (ggf. inklusive Krankmeldung/Attest) bei der Studienakademie eine Verlängerung der Bearbeitungszeit. Der Antrag ist vor Ablauf der
Bearbeitungszeit einzureichen und mit einer Stellungnahme des Dualen Partners zu versehen.";https://www.dhbw.de/fileadmin/user_upload/Dokumente/Dokumente_fuer_Studierende/191212_Leitlinien_Praxismodule_Studien_Bachelorarbeiten.pdf
"7 Modul Bachelorarbeit (T3_3300 in der 6. Praxisphase) 7.4 Betreuung
Die Studierenden haben während der Bearbeitungszeit eine zugeordnete betriebliche Betreuerin bzw. einen
zugeordneten betrieblichen Betreuer, deren bzw. dessen Qualifikation im fachlichen und wissenschaftlichen
Bereich den Anforderungen an eine nebenberufliche Dozentin bzw. einen nebenberuflichen Dozenten entspricht. Bei Bedarf können organisatorische und administrative Fragen außerdem mit den Ausbildungsverantwortlichen des Dualen Partners besprochen werden.
Zusätzlich wird für jede Arbeit von der Studienakademie eine zweite Betreuerin (Gutachterin) bzw. ein zweiter
Betreuer (Gutachter) benannt. Diese Gutachterinnen und Gutachter werden bei Besprechungen und Firmenbesuchen regelmäßig über Stand, Entwicklung und weiteren Ablauf der Arbeit informiert.";https://www.dhbw.de/fileadmin/user_upload/Dokumente/Dokumente_fuer_Studierende/191212_Leitlinien_Praxismodule_Studien_Bachelorarbeiten.pdf
"7 Modul Bachelorarbeit (T3_3300 in der 6. Praxisphase) 7.5 Abgabe der Arbeit und Bewertung
Die Arbeiten können per Post eingesandt werden. Die Arbeiten sind jeweils einmal in gedruckter Ausfertigung
und einmal in elektronischer Form (Textdatei und gegebenenfalls weiterer digitaler Anlagen) bei der Studienakademie einzureichen.
Eine Empfangsbestätigung wird nicht ausgestellt. Bei Bedarf ist die Form des Einschreibens zu wählen.
Maßgeblich für die fristgerechte Abgabe bei Postversand ist das Datum des Poststempels.
Berücksichtigen Sie in Ihrem Arbeitsplan entsprechend die notwendigen Zeiten für Kopieren, Binden und Logistik!
Bei nicht fristgerechter Abgabe der Bachelorarbeit gilt diese als mit der Note „nicht ausreichend“ (5,0)
bewertet und muss wiederholt werden.
Die Bachelorarbeit wird von den benannten Prüferinnen und Prüfern bewertet. Besteht zwischen den beiden
Bewertungen ein Unterschied bis zu einem ganzen Notenwert, so wird die Note als arithmetisches Mittel festgesetzt. Dabei wird nur die erste Dezimalstelle ohne Rundung berücksichtigt. Bei einem Unterschied von mehr
als einem ganzen Notenwert wird vom Prüfungsausschuss eine dritte Prüferin oder ein dritter Prüfer bestellt,
die oder der die Note festsetzt. Dabei gelten die von der ersten Prüferin oder dem ersten Prüfer und der
zweiten Prüferin oder dem zweiten Prüfer erteilten Notenwerte als Grenzwerte. (siehe § 19 Absatz 3 Studienund Prüfungsordnung DHBW Technik).
Sofern in den Arbeiten andere als die genannten Hilfsmittel verwendet oder in Teilen ohne Kennzeichnung/Quellenangabe aus anderen Quellen entnommen wurden, werden sie als Täuschungsversuch gewertet.
Die betreffende benotete Prüfungsleistung gilt als mit der Note „nicht ausreichend"" (5,0) bewertet.";https://www.dhbw.de/fileadmin/user_upload/Dokumente/Dokumente_fuer_Studierende/191212_Leitlinien_Praxismodule_Studien_Bachelorarbeiten.pdf
"8 Aufbau und Ausführung der Arbeiten Alle in diesem Dokument angesprochenen Arbeiten sollten hinsichtlich ihrer äußeren Form, ihrer Gliederung,
der Sprache, der redaktionellen Ausgestaltung und der Angabe von Quellen den Ansprüchen wissenschaftlicher Arbeiten genügen.
Im Folgenden sind einige zentrale Empfehlungen, die sich studiengang- und standortübergreifend bewährt
haben, angegeben.
Verbindliche Vorgaben können von einzelnen Studiengängen oder Standorten gemacht werden.";https://www.dhbw.de/fileadmin/user_upload/Dokumente/Dokumente_fuer_Studierende/191212_Leitlinien_Praxismodule_Studien_Bachelorarbeiten.pdf
"8 Aufbau und Ausführung der Arbeiten 8.1 Äußere Form
Weißes Schreibmaschinenpapier DIN A 4 (Gewicht ca. 80 g/qm), nur einseitig beschrieben. Format: 1,5 -zeilig,
je Zeile ca. 70 Anschläge, Schriftgröße i.d.R. 12 Punkte (z.B. bei Arial, bei anderen Schriften ggf. anzupassen).
Randabstand mindestens 2,5 cm allseits. Bei den verschieden Schreibprogrammen (z.B. unter Windows, Mac
OS oder Linux) kann es minimale Unterschiede geben.
Unter „Titelblatt der Bachelorarbeit Muster“ auf http://www.dhbw.de/die-dhbw/dokumente.html#Dokumente_Technik ist ein Muster für das Titelblatt der Bachelorarbeiten enthalten.
Alle Arbeiten sind jeweils einmal in gedruckter Ausfertigung und einmal in elektronischer Form (Textdatei und
gegebenenfalls weiterer digitaler Anlagen) bei der Studienakademie einzureichen.
Eventuelle Konstruktionszeichnungen oder andere Anhänge, die nicht sinnvoll auf das Format DIN A4 zu verkleinern sind, können den Arbeiten in einem Schnellhefter beigelegt werden. Im gebundenen Teil muss jedes
Blatt des separaten Anhangs in einer Liste vermerkt werden. Die Abgabe der gedruckten Form wird von der
Studienakademie vorgegeben.";https://www.dhbw.de/fileadmin/user_upload/Dokumente/Dokumente_fuer_Studierende/191212_Leitlinien_Praxismodule_Studien_Bachelorarbeiten.pdf
"8 Aufbau und Ausführung der Arbeiten 8.2 Gliederung der Arbeit
Die Arbeiten sollten sich in folgende grobe Blöcke unterteilen
 Vorspann (Titelblatt, eventuell Sperrvermerk, Erklärung zur Eigenleistung [siehe Kapitel 2.8], Zusammenfassung in Deutsch und Englisch, Inhaltsverzeichnis, Abkürzungsverzeichnis, Abbildungs- und Tabellenverzeichnis, eventuell Formelgrößen, eventuell Vorwort)
 Problemstellung, Ziel und Vorgehensweise der Arbeit (Gegenstand und Ziele der Arbeit/Aufgabenbeschreibung, geplante Vorgehensweise, Einführung in Thema, Motivation der Aufgabenstellung/Vorausblick)
 Grundlagen (z.B. Stand der Technik/Forschung, Voraussetzungen beim Dualen Partner)
 Hauptteil (Anforderungsdefinition, Anforderungsanalyse, Lösungsgenerierung, Lösungsbewertung, Umsetzung), ggf. in mehreren sinnvollen Gliederungspunkten
 Kritische Reflexion und Ausblick
 Literaturverzeichnis
 Anhänge";https://www.dhbw.de/fileadmin/user_upload/Dokumente/Dokumente_fuer_Studierende/191212_Leitlinien_Praxismodule_Studien_Bachelorarbeiten.pdf
"8 Aufbau und Ausführung der Arbeiten 8.3 Regeln für den redaktionellen Teil

8.3.1 Inhaltsverzeichnis

Bei der Gliederung und Nummerierung der Abschnitte wird empfohlen, sich an DIN 1421 zu orientieren. Es ist ratsam, eine Untergliederung mit mehr als drei Stellen zu vermeiden, um die Übersichtlichkeit zu wahren. Beispielsweise sollte es ein Kapitel 5.1 nur geben, wenn auch ein Kapitel 5.2 vorhanden ist. Einzelne Unternummern sollten vermieden werden.

Die Kapitel und deren Überschriften im Inhaltsverzeichnis sollten wie folgt strukturiert sein:

Zusammenfassung (in deutscher und englischer Sprache, maximal eine Seite, eigenständig verständlich)
Inhaltsverzeichnis (möglichst auf einer Seite)
Formelgrößen und Einheiten
Abkürzungen
Formular der Aufgabenstellung, falls Abweichungen vorliegen
Kapitel 1: Problemstellung, Ziel und Vorgehensweise der Arbeit (Beginn der Seitenzählung)
Kapitel 2: Grundlagen (z.B. Stand der Technik)
Kapitel 3: Hauptteil
Kapitel 4: Kritische Reflexion und Ausblick
Kapitel 5: Literaturverzeichnis (Recherche und Einbindung von Literatur sind von hoher Bedeutung)
Kapitel 6: Anhang
8.3.2 Abstract

Ein Abstract ist eine prägnante Zusammenfassung des Inhalts der Arbeit. Es umfasst in der Regel 200 bis 250 Wörter und enthält die Forschungsfrage, die methodische Vorgehensweise und die Hauptergebnisse der Arbeit.

8.3.3 Formelgrößen und Einheiten, Abkürzungen

Alle im Text, in Abbildungen oder in Formeln verwendeten Bezeichnungen sollten in einer Tabelle alphabetisch nach Kurzzeichen sortiert und mit Einheiten und Erklärungen versehen werden. Lateinische Bezeichnungen sollten vor griechischen stehen. Abkürzungen, die keine Formelzeichen darstellen, sollten separat aufgeführt und bei der ersten Verwendung erklärt werden.

Umgangssprachlich gebräuchliche Abkürzungen sind von dieser Regel ausgenommen.

Beispiel für Formelgrößen:

A mm2: Fläche
D mm: Werkstückdurchmesser
dmin mm: Kleinster Schaftdurchmesser
L1 mm: Länge des Werkstücks Nr. 1
Grad: Freiwinkel
Grad: Keilwinkel
Beispiel für Abkürzungen:

UP: Unterprogramm
WZM: Werkzeugmaschinen
Formelzeichen sollten kursiv gesetzt werden, während Abkürzungen aufrecht stehen.";https://www.dhbw.de/fileadmin/user_upload/Dokumente/Dokumente_fuer_Studierende/191212_Leitlinien_Praxismodule_Studien_Bachelorarbeiten.pdf
"8 Aufbau und Ausführung der Arbeiten 8.4 Gestaltung der inhaltlichen Abschnitte/Kapitel

**Problemstellung, Ziel und Vorgehensweise der Arbeit:** Die Einleitung dient dazu, den Ausgangspunkt der Arbeit kurz zu umreißen und die Leser:innen auf das Problem hinzuweisen. Es sollte keine allgemeine Einleitung mit Unternehmens- oder Produktbeschreibungen, Organigrammen usw. sein, es sei denn, sie sind direkt relevant für das Thema. Die Ziele und die geplante Vorgehensweise sollten klar voneinander getrennt sein.

**Aufgabenstellung:** Hier sollte die konkrete Fragestellung der Arbeit präzisiert werden. Dabei sollten das Umfeld, die bestehenden Randbedingungen und die Betrachtungsgrenzen dargestellt werden.

**Grundlagen:** Basierend auf der Aufgabenstellung sollte der aktuelle Stand der Technik beschrieben werden, um eine Lösungsfindung zu ermöglichen. Dies kann Vor- und Nachteile bisheriger Lösungen oder grundlegender Lösungsprinzipien beinhalten, fundiert aus verschiedenen Quellen dargelegt.

**Hauptteil:** Der Hauptteil sollte knapp und klar formuliert sein und die zentralen Gedanken der Arbeit enthalten. Falls ein bestimmtes Verfahren oder ein Lösungsweg gewählt wurde, sollte dies begründet werden. Es ist nicht notwendig, alle Vorversuche im Detail zu beschreiben. Wenn Experimente durchgeführt wurden, sollten die Bedingungen, Vernachlässigungen sowie die Anordnung, Leistungsfähigkeit und Genauigkeit der Versuchsanordnung angegeben werden. Die Ergebnisse der Arbeit sollten ausführlich diskutiert und mit bekannten Ansichten und Erfahrungen verglichen werden. Das Ziel der Arbeit sollte sein, klare Schlussfolgerungen und Empfehlungen für die Praxis zu finden.

**Kritische Reflexion und Ausblick:** Dieser Abschnitt sollte die Aufgabenstellung, die Vorgehensweise und die wichtigsten Ergebnisse kurz und präzise darstellen und kritisch reflektieren. Die Zusammenfassung sollte eigenständig verständlich sein und sollte etwa 1 bis 1,5 Seiten in Anspruch nehmen. Dabei werden das Problem, die Ziele, die Vorgehensweise, die Ergebnisse und der Ausblick behandelt.

**Stil der Ausarbeitung:** Die Ausarbeitung sollte einen wissenschaftlichen Charakter haben. Ein erzählerischer Stil (z. B. ""Ich habe..."") oder ein Berichtsstil sind zu vermeiden.

**8.4.1 Abbildungen und Tabellen, Formeln und Gleichungen, Querverweise**

**Abbildungen und Tabellen:** Alle Abbildungen (Skizzen, Zeichnungen, Diagramme, Messkurven usw.) und Tabellen sollten fortlaufend nummeriert werden, wobei die Hauptkapitelnummerierung vorangestellt werden kann. Jede Abbildung und Tabelle sollte eine kurze und verständliche Bildunterschrift haben. Auf jede Abbildung und Tabelle sollte im Text an den entsprechenden Stellen unter Angabe der Nummer verwiesen werden. Falls Abbildungen oder Tabellen von anderen Autoren übernommen wurden, sollte die Quelle hinter der Legende angegeben werden.

**Formeln und Gleichungen:** Formeln sollten, wenn möglich, als Größengleichungen angegeben werden, während Zahlenwertgleichungen vermieden werden sollten. Jedes verwendete Formelsymbol sollte definiert werden (siehe Formelgrößen und Einheiten). Wichtige Formeln sollten bei ihrem ersten Auftreten nummeriert und durch eingeklammerte Zahlen am Ende oder Anfang der Zeile gekennzeichnet werden. Die gewählte Kennzeichnung sollte in der gesamten Arbeit einheitlich sein.

**Querverweise:** Bei Verweisen auf Textstellen in der Arbeit sollte die entsprechende Seitenzahl oder der betreffende Abschnitt bzw. das Kapitel angegeben werden. Hinweise auf bereits genannte Gleichungen sollten unter Angabe ihrer Nummer erfolgen.";https://www.dhbw.de/fileadmin/user_upload/Dokumente/Dokumente_fuer_Studierende/191212_Leitlinien_Praxismodule_Studien_Bachelorarbeiten.pdf
"9 Quellennachweis und Zitierweise
Die Notwendigkeit, Quellen zu zitieren, ergibt sich aus dem Qualitätsanspruch wissenschaftlichen Arbeitens
und aus dem Urheberrechtsgesetz. Generell wird angenommen, dass der gesamte Text, alle Abbildungen und
Tabellen eigene Gedanken der Verfasserin bzw. des Verfassers sind, wenn sie nicht als fremdes Gedankengut
kenntlich gemacht wurden.
Aussagen, Überlegungen und Ergebnisse, die aus fremden Quellen übernommen werden, sind durch Angabe
der Herkunft kenntlich zu machen. Hierbei sind möglichst Originalarbeiten anzugeben.
Durch fundierte Angabe von Quellen wird so in einer Arbeit der Umfang der Recherche zum Thema kenntlich.
Dies prägt die wissenschaftliche Qualität einer Arbeit enorm und ist damit auch von hoher Bedeutung für die
Notengebung.
Zitiert werden muss jedes fremde Gedankengut aus wissenschaftlich anerkannter Literatur (wissenschaftliche
Bücher, höherwertige Lehrbücher, Handbücher, Lexika, Aufsätze in wissenschaftlichen Zeitschriften, wichtige
Zeitungsartikel z.B. im Wirtschaftsteil, Berichte von Verbänden oder Aktiengesellschaften, Gesetzestexte und
-kommentare, Gerichtsentscheidungen und Verwaltungsanweisungen). Sofern keine Zitate vorliegen, das Gedankengut jedoch als fremd identifiziert werden kann, liegt keine eigene geistige Leistung vor, es ist von geistigem Diebstahl und einer Verletzung des Urheberrechts auszugehen. Diese Arbeiten werden mit einem deutlichen Notenabschlag bewertet, ggf. muss die Arbeit wiederholt werden.
Es ist im Rahmen des wissenschaftlichen Arbeitens ausdrücklich gewünscht, sich auf fremdes Gedankengut
zu stützen und auf dem „Stand der Technik“/„Stand der Forschung“ aufzubauen. Existierende Erkenntnisse
und Methoden sind das Fundament einer wissenschaftlichen Arbeit. Daraus ergibt sich ein Anspruch an die
Qualität und Quantität der Quellen. Quellen sollten nicht unreflektiert übernommen, sondern im Rahmen der
Arbeit diskutiert werden.
Ziel aller Quellenangaben ist es zum einen, die Verwendung fremden Gedankenguts sichtbar zu machen. Zum
anderen soll die interessierte Leserin bzw. der interessierte Leser die Möglichkeit erhalten, die genannten
Quellen schnellstmöglich zu finden. Dies bedeutet, dass insbesondere auf Seitenangaben bei umfangreicheren Quellen (Büchern, Artikel, etc.) nicht verzichtet werden kann.
Außerdem sollte die Angabe von Quellen die Lesbarkeit der Arbeit nicht erschweren, der Leserin bzw. dem
Leser aber bereits über die Quellenangabe möglichst viele Informationen vermitteln.
Um dies zu erreichen, sind verschiedenen Möglichkeiten etabliert und in der Wissenschaft gebräuchlich. Die
folgenden Kapitel führen dazu nur einige Möglichkeiten aus";https://www.dhbw.de/fileadmin/user_upload/Dokumente/Dokumente_fuer_Studierende/191212_Leitlinien_Praxismodule_Studien_Bachelorarbeiten.pdf
"9.1 Quellenangabe

In wissenschaftlichen Arbeiten ist die richtige Quellenangabe von entscheidender Bedeutung. Sie dient dazu, die Herkunft von Informationen, Zitaten, Formeln, Tabellen und Abbildungen transparent zu machen. In diesem Abschnitt werden die verschiedenen Methoden zur Quellenangabe erläutert.

9.1.1 Quellenverweise im Text

Wenn Sie aus einem Buch oder einer Veröffentlichung sinngemäß zitieren oder beispielsweise eine Formel, Tabelle oder Abbildung daraus übernehmen, ist es wichtig, die Quelle im Text zu kennzeichnen. Dies geschieht in der Regel durch Angabe der Quellnummer aus dem Literaturverzeichnis in eckigen Klammern, hinter dem entsprechenden Text, der Formel oder im Titel der Abbildung/Tabelle. Zum Beispiel: ""...kann mit folgender Gleichung [3] berechnet werden: α = λ² + 2πr.""

Im Literaturverzeichnis finden Sie dann die entsprechende Nummer, die auf das Buch oder die Veröffentlichung verweist. Beachten Sie, dass für einfache oder allgemein bekannte Formeln keine Quelle angegeben werden muss.

9.1.2 Quellenangabe in Fußnoten (alternativ zu Kapitel 9.1.1)

Eine alternative Methode zur Quellenangabe ist die Verwendung von Fußnoten. Wenn Sie wörtliche oder sinngemäße Zitate im Text haben, können Sie diese Quellen in Fußnoten am unteren Ende der Seite angeben. Dabei wird die Quelle in der Fußnote als Kurzbeleg aufgeführt, der auf das Literaturverzeichnis verweist. Die Fußnoten sollten einzeilig sein und können eine kleinere Schriftgröße als der Haupttext haben.

Der Kurzbeleg in der Fußnote sollte den Autor oder die Autorin mit abgekürzten Vornamen, das Erscheinungsjahr und die Seitenzahl enthalten. Bei mehreren Autorinnen oder Autoren werden die Namen durch Schrägstriche getrennt. Zum Beispiel: ""1) Pleil, G. (2014), S. 17 f."" oder ""2) Vgl. Böttcher, E. / Homann, K. (2015), S. 23 ff.""

Wenn mehrere verschiedene Arbeiten einer Autorin oder eines Autors im selben Jahr zitiert werden, können sie durch Kleinbuchstaben (wie im Literaturverzeichnis) unterschieden werden.

9.1.3 Quellenangabe bei Abbildungen, Tabellen und Anlagen

Abbildungen, Tabellen und Anlagen in Ihrer Arbeit müssen ebenfalls klar gekennzeichnet und ihre Herkunft angegeben werden. Unter jeder Tabelle oder Abbildung sollte eine kurze Erklärung der verwendeten Symbole stehen, zusammen mit eventuellen Anmerkungen und der Quellenangabe. Diese Elemente sollten fortlaufend nummeriert werden, ähnlich wie textliche Zitate.

Denken Sie daran, dass alle Abbildungen, Tabellen und der Text als Ihr eigenes geistiges Eigentum betrachtet werden, es sei denn, sie wurden als fremdes Gedankengut gekennzeichnet.

9.1.4 Alternative Formate

Es gibt verschiedene Formatierungsstile für die Quellenangabe, wie ISO 690, APA, Harvard, Chicago, Turabian, IEEE oder MLA. Es ist wichtig, ein einheitliches Format in Ihrer gesamten Arbeit zu verwenden, das Sie gemäß den Anforderungen Ihrer Hochschule oder Universität auswählen können.";https://www.dhbw.de/fileadmin/user_upload/Dokumente/Dokumente_fuer_Studierende/191212_Leitlinien_Praxismodule_Studien_Bachelorarbeiten.pdf
"9.2 Zitierweise

In wissenschaftlichen Arbeiten gibt es verschiedene Möglichkeiten, Informationen aus Quellen zu zitieren. Diese Zitierweise ist entscheidend, um die Herkunft von Informationen transparent und nachvollziehbar zu machen.

9.2.1 Sinngemäßes Zitieren

Häufiger als wörtliche Zitate werden sinngemäße (indirekte) Zitate in studentischen Arbeiten verwendet. Auch hier ist eine genaue Quellenangabe erforderlich, um klarzustellen, dass es sich um fremde Gedanken handelt. Sinngemäße Zitate sollten im Text erkennbar sein, entweder durch eine Quellenangabe im Text selbst (wie bereits im Kapitel 9.1.1 beschrieben) oder durch eine hochgestellte arabische Ziffer in Verbindung mit einer Fußnote.

Die Kennzeichnung eines sinngemäßen Zitats kann am Ende oder am Anfang des übernommenen Gedankens erfolgen. Hierbei kann der Konjunktiv verwendet werden, um deutlich zu machen, dass es sich um fremde Gedanken handelt. Zum Beispiel: ""Haberfellner gliedert die Aufgaben der Organisationsmethodik folgendermaßen: 1)"".

Die Fußnote zur Kennzeichnung eines sinngemäßen Zitats enthält normalerweise den Zusatz ""Vergleiche"" in der Abkürzung ""Vgl."". Sie kann jedoch auch andere erläuternde Zusätze enthalten, insbesondere wenn auf weitere Literaturquellen verwiesen wird oder wenn darauf hingewiesen werden soll, dass andere Autoren sich ausführlicher zu einem bestimmten Thema äußern.

9.2.2 Wörtliches Zitieren

Jedes wörtlich übernommene Zitat, auch bekannt als direktes Zitat, sollte in doppelte Anführungsstriche gesetzt werden. Die Quellenangabe erfolgt in der Fußnote direkt hinter der Fußnoten-Nummer.

Es ist wichtig, dass wörtliche Zitate nicht aus dem Zusammenhang gerissen werden und im Original keinen anderen Sinn ergeben als im zitierten Text. Änderungen am Originalzitat sind normalerweise nicht erlaubt, außer es handelt sich um offensichtliche Druckfehler, die korrigiert werden müssen.

Längere wörtliche Zitate sollten vermieden werden. Stattdessen ist es oft besser, den Inhalt referierend wiederzugeben und dabei auf die Quelle zu verweisen.

Bei Zitaten in einer anderen Sprache als der Arbeitssprache sollte eine Übersetzung im Text angegeben werden, zusammen mit dem Originalzitat in der Fußnote. Die Übersetzung kann aus einer anderen Veröffentlichung stammen oder von der Verfasserin bzw. dem Verfasser selbst erstellt werden.

Die Art und Weise, wie Zitate im Text gekennzeichnet werden, hängt von den Anforderungen Ihrer Hochschule oder Universität ab und sollte einheitlich in der gesamten Arbeit angewendet werden.";https://www.dhbw.de/fileadmin/user_upload/Dokumente/Dokumente_fuer_Studierende/191212_Leitlinien_Praxismodule_Studien_Bachelorarbeiten.pdf
9.2.3 Zitieren von Sekundärliteratur Grundsätzlich ist nach dem Originaltext zu zitieren. Nur wenn das Originalwerk nicht zugänglich ist, kann nach einer Quellenangabe in der Sekundärliteratur zitiert werden. Der Quellenhinweis in der Fußnote nennt zuerst die Originalquelle mit allen bibliographischen Angaben (z.B. Titel, Erscheinungsort und -jahr) und dann mit dem Zusatz „zit. nach ...“ auch die Sekundärliteratur (jeweils in der Form des KURZBELEGS). Die Originalquelle wird im Gegensatz zur Sekundärliteratur nicht in das Literaturverzeichnis (vgl. Kapitel 10) übernommen.;https://www.dhbw.de/fileadmin/user_upload/Dokumente/Dokumente_fuer_Studierende/191212_Leitlinien_Praxismodule_Studien_Bachelorarbeiten.pdf
"9.2.4 Wiederholtes Zitieren Wird dieselbe Quelle wiederholt zitiert, ist der Quellenhinweis beim Kurzbeleg jeweils derselbe; es ist also bei jedem Zitat anzugeben: Autor(en) (Erscheinungsjahr), Seite(n) Wird dieselbe Schrift auf ein und derselben Textseite mehrmals unmittelbar nacheinander zitiert, kann anstelle des Namens der Verfasserin bzw. des Verfassers und des Erscheinungsjahres der Hinweis „Ebenda“ (bei wörtlichem Zitat) bzw. „Vgl. ebenda“ (bei sinngemäßem Zitat) stehen, gefolgt von der (exakten) Seitenangabe. Beispiel: 1) Schmidt, G. (2014), S. 19 2) Ebenda, S. 27 3) Vgl. ebenda, S. 41 ff.";https://www.dhbw.de/fileadmin/user_upload/Dokumente/Dokumente_fuer_Studierende/191212_Leitlinien_Praxismodule_Studien_Bachelorarbeiten.pdf
"10 Literaturverzeichnis Im Literaturverzeichnis werden sämtliche Quellen aufgeführt, auf die in der Arbeit Bezug genommen wurde, entweder in der Reihenfolge ihres Erscheinens im Text gem. Kapitel 9.1.1 oder in alphabetischer Reihenfolge bei Quellenangaben mit Fußnoten nach Kapitel 9.1.2. Dies bedeutet gleichzeitig, dass Quellenangaben, die nicht im Text bzw. nicht in den Fußnoten oder im Anhang erscheinen, auch nicht in das Literaturverzeichnis gehören. Im Folgenden wird beispielhaft aufgezeigt, wie ein Literaturverzeichnis aufgebaut sein kann. Alternativ sind natürlich auch andere Zitationsstile in Absprache mit den Betreuerinnen und Betreuern anzuwenden. Hier sind Literaturverwaltungsprogramme (wie z.B. Citavi) hilfreich. Die Anforderungen an das Literaturverzeichnis können durch folgende Kriterien gekennzeichnet werden:  Richtigkeit (fehlerfreie Angaben);  Vollständigkeit (alle Angaben, die zur Wiederauffindung benötigt werden);  Einheitlichkeit (Beibehalten eines bestimmten Schemas);  Übersichtlichkeit (z.B. Nennung der Autorinnen und Autoren in alphabetischer Reihenfolge ihres Familiennamens; eventuell 2-spaltige Darstellung). Alle Quellenangaben erfolgen im Literaturverzeichnis ohne Untergruppen. Bei alphabetischer Ordnung sortiert nach dem Nachnamen der (erstgenannten) Verfasserin bzw. des (erstgenannten) Verfassers. Vornamen der Verfasserinnen und Verfasser werden sinnvollerweise abgekürzt. Akademische Titel werden nicht angegeben. Bei Quellen ohne Angabe von Verfasserin bzw. Verfasser, jedoch mit erkennbarer Herausgeberin bzw. erkennbarem Herausgeber, wird anstelle eines Namens von Autorin oder Autor die Herausgeberin bzw. der Herausgeber mit dem nachgestellten Zusatz „Hrsg.“ (in Klammern) gesetzt. Die alphabetische Ordnung erfolgt dabei nach dem Nachnamen der (erstgenannten) Herausgeberin bzw. des (erstgenannten) Herausgebers. Der Klammerzusatz „Hrsg.“ erscheint nur im Literaturverzeichnis, nicht jedoch in den Fußnoten des Textteils. Bei mehreren Autorinnen bzw. Autoren (oder auch Herausgeberinnen bzw. Herausgebern) einer Quelle gilt:  Hinweis „und“ oder Schrägstrich „/“ nach dem (abgekürzten) Vornamen der erstgenannten Autorin bzw. des erstgenannten Autors (bei 2 Autoren);  Trennung nach dem (abgekürzten) Vornamen mit Schrägstrich „/“ (bei 3 Autorinnen bzw. Autoren);  Nennung nur der erstgenannten Autorin bzw. des erstgenannten Autors mit Nachnamen und (abgekürztem) Vornamen mit dem Hinweis „u. a.“; „et al.“ (bei mehr als 3 Autorinnen bzw. Autoren). Bei Quellen ohne Angabe von Verfasserin oder Verfasser und ohne erkennbare Herausgeberin bzw. erkennbaren Herausgeber beginnt die Quellenangabe mit dem Hinweis „O. V.“ (ohne Verfasserinnen- oder Verfasserangabe). Bei Quellen ohne Ortsangabe erfolgt der Hinweis „o. O.“ (ohne Ortsangabe). Bei mehreren Erscheinungsorten steht zwischen den einzelnen Ortsangaben ein Schrägstrich („/“) oder das Wort „und“. Die Angabe des Verlages erfolgt wahlweise, die der ISBN-Nummer nicht. Bei Quellen ohne Erscheinungsjahr ist der Hinweis „o. J.“ (ohne Jahresangabe) zu verwenden. 29 / 55 Mehrere verschiedene Arbeiten von Autorinnen bzw. Autoren mit dem gleichen Erscheinungsjahr werden durch Kleinbuchstaben (direkt hinter Erscheinungsjahr) unterschieden. Erscheinungsjahr und ggf. Kleinbuchstabe stehen in Klammern hinter dem (den) Autorennamen. Die unterscheidenden Kleinbuchstaben sind in gleicher Form auch in die Fußnoten des Textteils zu übernehmen. Hinweis: die Angaben zu Erscheinungsort und -jahr (und häufig die CIP-Kurztitelaufnahme der Deutschen Bibliothek) finden sich i. d. R. zusammen mit der ISBN-Nummer auf Seite 4 eines Buches (linke Buchseite, unten). Die Zitierweise, d.h. der Umfang und die Reihenfolge der Nennung der erforderlichen Quellendaten ist je nachdem, welche Art von Quellen verwandt wird, unterschiedlich. Genaueres ergibt sich aus den folgenden Ausführungen.";https://www.dhbw.de/fileadmin/user_upload/Dokumente/Dokumente_fuer_Studierende/191212_Leitlinien_Praxismodule_Studien_Bachelorarbeiten.pdf
"10.1 Bücher und Schriften Nachname, Vorname: Titel der Arbeit, ggf. Untertitel, ggf. Schriftenreihe, (Hrsg.:), Band, Auflage, Erscheinungsort Escheinungsjahr Erläuterungen: - Herausgeberin oder Herausgeber mit dem Hinweis „Hrsg.:“ in Klammern; - Nummer des Bandes nur bei mehrbändigen Werken; - Nummer der Auflage (+ ggf. Zusätze wie „völlig neubearb.“) nur, wenn nicht erste Auflage; - kein Komma zwischen Erscheinungsort und -jahr. Beispiele: Bargel, H.-J./Schulze, G.: Werkstoffkunde, Springer, 11. Auflage, Heidelberg, 2013 Hahn, D./Taylor, B.(Hrsg.): Strategische Unternehmensplanung, Stand und Entwicklungstendenzen, 4. Auflage, Heidelberg und Wien 2005 Schmidt, G.: Methode und Techniken der Organisation, 8. Auflage, Gießen 2000 (Aber: in den Fußnoten im Textteil sowie in den Quellenangaben von Abbildungen und Tabellen ist die konkrete Seitenangabe der betreffenden Fundstelle zwingend.)";https://www.dhbw.de/fileadmin/user_upload/Dokumente/Dokumente_fuer_Studierende/191212_Leitlinien_Praxismodule_Studien_Bachelorarbeiten.pdf
"10.2 Aufsätze in Zeitschriften Nachname, Vorname: Aufsatztitel, ggf. Untertitel, in: Zeitschriftentitel, Jahrgang (Jahr), Heftnummer, Seite(n) Erläuterungen: - zwischen Jahrgang und (in Klammern gesetzter) Jahresausgabe steht kein Komma; - Seitenangabe des gesamten Aufsatzes (bei mehrseitigen Aufsätzen) immer in der Form: „S. XX - YY“ .(S. = Seiten). (Aber: in den Fußnoten im Textteil sowie in den Quellenangaben von Abbildungen und Tabellen ist die konkrete Seitenangabe der betreffenden Fundstelle anstelle der „Von-Bis“-Seitenangabe zwingend.) 30 / 55 Beispiele: Eichhorn, S.: Krankenhausmanagement, Führungsaufgaben und Leitungsorganisation, in: führen & wirtschaften, 8. Jg. (1991a), Heft 4, Seite 244-250 oder:.8 (1991) 4.. Eichhorn, S.: Krankenhausmanagement, Gegenwärtige Situation und Perspektiven, in: Die Betriebswirtschaft, 51. Jg. (1991b), Heft 4, S. 455-465 oder: ...51 (1991) 4... o. V.: Drehbearbeitung von Stahl, in VDI-Z, (2015), Nr. II, S.29";https://www.dhbw.de/fileadmin/user_upload/Dokumente/Dokumente_fuer_Studierende/191212_Leitlinien_Praxismodule_Studien_Bachelorarbeiten.pdf
"10.3 Beiträge in Sammel- und Nachschlagewerken Nachname, Vorname: Titel bzw. Stichwort, ggf. Untertitel, in: Sammelwerk, (ggf. Hrsg.:), ggf. Band, Auflage, Erscheinungsort Erscheinungsjahr, Seite(n) bzw. Spalte(n) Erläuterungen: - Nummer des Bandes nur bei mehrbändigen Sammelwerken; - Nummer der Auflage nur, wenn nicht 1. Auflage; - Seiten- bzw. Spaltenangabe des gesamten Beitrages (bei mehrseitigen Beiträgen) immer in der Form: „S. XX - YY“ bzw. „Sp. XX - YY“ (S. = Seiten; Sp. = Spalten). (Aber: in den Fußnoten im Textteil sowie in den Quellenangaben von Abbildungen und Tabellen ist die konkrete Seitenangabe der betreffenden Fundstelle anstelle der „Von-Bis“-Seitenangabe zwingend.) Beispiele: Günther, H.-O.: Materialflußsteuerung in der Einzelfertigung, in: Logistik, (Hrsg. Isermann, H.), Landsberg 2003 Hoffmann, F.: Organisation, in: Handwörterbuch der Organisation, (Hrsg.: Grochla, E.), 2., völlig neu gest. Aufl., Stuttgart 1980, Sp. 1425 - 1431 Scharfenberg, H.: (Hrsg.) (1988): Jahrbuch der Bürokommunikation, Band 4, Baden-Baden 1988";https://www.dhbw.de/fileadmin/user_upload/Dokumente/Dokumente_fuer_Studierende/191212_Leitlinien_Praxismodule_Studien_Bachelorarbeiten.pdf
"10.4 Dissertationen Nachname, Vorname: Titel der Arbeit, ggf. Untertitel, Diss., Erscheinungsort Erscheinungsjahr Erläuterungen: - Hinweis auf Dissertation durch Abkürzung „Diss.“; - Angabe des Faches und der Hochschule nach dem Hinweis „Diss.“ ist möglich (z.B. „Diss. rer. pol.“); - kein Komma zwischen Erscheinungsort und -jahr. Beispiel: Bagh, A.: Auslegung PVD-beschichteter Stirnräder, Diss., RWTH Aachen 2015 31 / 55 (Aber: in den Fußnoten im Textteil sowie in den Quellenangaben von Abbildungen und Tabellen ist die konkrete Seitenangabe der betreffenden Fundstelle zwingend.) Erscheint eine Dissertation (in der Regel bei späteren Auflagen) im Rahmen einer Schriftenreihe, sind die zusätzlichen Angaben (Schriftenreihe, ggf. Hrsg., ggf. Band und Auflage) nach dem Hinweis „Diss.“ und vor Erscheinungsort und -jahr einzufügen.";https://www.dhbw.de/fileadmin/user_upload/Dokumente/Dokumente_fuer_Studierende/191212_Leitlinien_Praxismodule_Studien_Bachelorarbeiten.pdf
"10.5 Zeitungsartikel Nachname, Vorname: Überschrift/Titel des Artikels, ggf. Untertitel, in: „Zeitung“ Nr. vom Tag. Monat. Jahr, Seite(n) Erläuterungen: - „o. V.“ = ohne Verfasserangabe, wenn keine erkennbare Autorin bzw. kein erkennbarer Autor; - Datum der Zeitungsausgabe immer vollständig (TT.MM.JJJJ); dabei kann der Monat als Zahl oder ausgeschrieben sein (Beibehaltung der einmal gewählten Form zwingend); - bei Zeitungsartikeln über mehrere Seiten erfolgt die Seitenangabe in der Form: „S. XX - YY“ (Aber: in den Fußnoten im Textteil sowie in den Quellenangaben von Abbildungen und Tabellen ist bei mehrseitigen Zeitungsartikeln die konkrete Seitenangabe der betreffenden Fundstelle anstelle einer „Von-Bis“-
Seitenangabe zwingend.)
Beispiele: Lobenstein, C.: Ökonomie und Krisen, in: „Die Zeit“ Nr. 53 vom 23.12.2014, S. 28 o. V.: Chinas Stahlexporte fluten die Weltmärkte, in: „VDI Nachrichten“ Nr. 33/34 vom 14.08.2015, S. 7";https://www.dhbw.de/fileadmin/user_upload/Dokumente/Dokumente_fuer_Studierende/191212_Leitlinien_Praxismodule_Studien_Bachelorarbeiten.pdf
10.6 Juristische Veröffentlichungen Gängige Gesetzestexte brauchen nicht in das Literaturverzeichnis übernommen zu werden. Es genügt, die Paragraphen (Artikel), Absätze und Sätze des verwendeten Gesetzes (neuester Stand!) im Textteil (z.B. in Klammern oder aber in Fußnoten) zu erwähnen. Im Gegensatz zu gängigen Gesetzestexten sind Kommentare zu Gesetzen, Gerichtsentscheidungen sowie Verwaltungsanweisungen jedoch zusätzlich in das Literaturverzeichnis aufzunehmen. Gesetzes-Kommentare werden dabei sinngemäß wie selbstständige Bücher und Schriften (vgl. Kapitel 10.1) zitiert. Gerichtsentscheidungen und Verwaltungsanweisungen sind jeweils in einem gesonderten Verzeichnis am Ende des Literaturverzeichnisses zu führen (ggf. getrennt nach Entscheidungsinstitutionen). Dabei sind dieselben Angaben zu machen wie bei der Zitation im Textteil in Form des speziellen Vollbelegs. (Aber: in den Fußnoten im Textteil sowie in den Quellenangaben von Abbildungen und Tabellen ist bei mehrseitigen Zeitungsartikeln die konkrete Seitenangabe der betreffenden Fundstelle anstelle einer „Von-Bis“- Seitenangabe zwingend.) Beispiele: 32 / 55 Beispiel für Gerichtsentscheidungen: 1) BFH-Urteil vom 17.12.1986, VII R 34/86, BStBl II 1986, S. 123 2) BFH-Urteil vom 27.10.1977, IV R 60/74, BStBl 1978 II, S. 100 - 102 Beispiel für Verwaltungsanweisungen: 1) Bundesminister der Finanzen, Schreiben vom 11.07.1974, IV C l – S. 1340- 32/74, BStBl 1974 I, S. 442 – 492;https://www.dhbw.de/fileadmin/user_upload/Dokumente/Dokumente_fuer_Studierende/191212_Leitlinien_Praxismodule_Studien_Bachelorarbeiten.pdf
"10.7 Internetquellen Nachname, Vorname: Titel/Thema der Internet-Seite/-Quelle, Internet-Adresse, Erscheinungsjahr, Einsichtnahme: TT.MM.JJJJ Erläuterungen: - mit Internet-Adresse wird im Allgemeinen eine Web-Seite (http-Adresse) oder ein Web-Dokument (httpAdresse für pdf-, docx-, …-Dokument) angegeben; - Autor und Erscheinungsjahr sind oft am Ende einer Web-Seite zu finden; (bei fehlendem Autor / Erscheinungsjahr: „o. V.“ / „o. J.“) Beispiele: Allianz: Zwei Schritte auf einmal :Duale Hochschule, http://perspektiven.allianz.de/karriere/schueler/DHBW/index.html 2003, Einsichtnahme: 02.06.2003 o. V.: Homepage der DHBW Stuttgart, http://www.DHBW-stuttgart.de, o. J., Einsichtnahme: 01.09.2015 o. V.: Ausbildungsvertrag, http://www.dhbw-stuttgart.de/zielgruppen/duale-partner/studien-und-ausbildungsvertrag-verguetung/, o. J., Einsichtnahme: 04.09.2015 Alle Quellen, auch Internetquellen sollten mit Vorsicht gehandhabt und zitiert werden. Es entspricht nicht dem wissenschaftlichen Standard, Internetquellen beliebiger Herkunft ohne kritische Reflexion als gesichertes Wissen anzuführen. Für Definitionen von Grundbegriffen sind Internetquellen möglichst nicht zu verwenden, sondern angemessene Fachliteratur ist einzusetzen. Wenn wesentliche Kernaussagen einer Arbeit auf Internetquellen basieren, sollten die entsprechenden Seiten bzw. entsprechende Teile davon der Arbeit im Anhang oder in der elektronischen Dokumentation angefügt werden.";https://www.dhbw.de/fileadmin/user_upload/Dokumente/Dokumente_fuer_Studierende/191212_Leitlinien_Praxismodule_Studien_Bachelorarbeiten.pdf
"10.8 Sonstige Quellen Hierunter fallen z.B. allgemein nicht zugängliche Unterlagen wie - firmeninterne Schriften und Publikationen; - Produkt-Beschreibungen oder Schulungsunterlagen von Herstellern (z.B. Software- Anbietern) usw.; - Vorlesungs-Skripte (wenn vom Dozenten verteilt); - eigene studentische Arbeiten (z.B. Diplomarbeiten); - eigene Interviews und Gespräche. Die Zitation dieser sonstigen Quellen muss einen deutlichen Hinweis auf die Herausgeberin bzw. den Herausgeber der Publikation oder des Interviewers enthalten; die o. g. Angaben zur Reihenfolge der Nennungen gelten sinngemäß. Grundsätzlich sollte auf Originalquellen zurückgegriffen werden. Beispiele: Jordt, A. / Gscheidle, K.: Fernkurs für Organisation, Lehrbrief 2, Wiesbaden o. J. Müller, A.: Führung I, Manuskript (Vorlesungsbegleiter) einer Vorlesung an der DHBW Stuttgart, Stuttgart 2013 Meixner, B.: Interview/Gespräch mit dem Verfasser am 12. April 2015 in Firma Computerservice, Stuttgart (ggf. Funktionsbezeichnung des Interviewpartners) Microsoft: Microsoft Windows 286/386, Datenblatt Microsoft GmbH, Unterschleißheim 1989 Siemens: Siemens - Erfolgsbilanz, in: Siemens-Berater-Brief, Dezember, München 1989, S. 6";https://www.dhbw.de/fileadmin/user_upload/Dokumente/Dokumente_fuer_Studierende/191212_Leitlinien_Praxismodule_Studien_Bachelorarbeiten.pdf
10.9 Anhang Hier sollen, wenn dies notwendig erscheint, Vorversuche, mathematische Herleitungen, Arbeitsanleitungen, Rechnerprogramme usw. ausführlich wiedergegeben werden. Ebenso können umfangreiche Ergebnisse gleichartiger Versuche in Diagramm- oder Tabellenform zusammengefasst werden. Die im Anhang aufgenommenen Arbeiten sind in einem speziellen Anhang-Verzeichnis aufzulisten.;https://www.dhbw.de/fileadmin/user_upload/Dokumente/Dokumente_fuer_Studierende/191212_Leitlinien_Praxismodule_Studien_Bachelorarbeiten.pdf
10.10Alternative Formate Alternativ zur beschriebenen Formatierung des Literaturverzeichnisses kann auch eins der folgenden Formate verwendet werden: DIN 1505-2, APA, Harvard, Chicago, Turabian oder MLA.;https://www.dhbw.de/fileadmin/user_upload/Dokumente/Dokumente_fuer_Studierende/191212_Leitlinien_Praxismodule_Studien_Bachelorarbeiten.pdf
11 Hinweise zur Quellensuche und -beschaffung Die Erstellung einer wissenschaftlichen Arbeit setzt grundsätzlich eine Auseinandersetzung mit dem aktuellen, in Quellen (Bücher, Dissertationen, Zeitschriften oder auch dem Internet) veröffentlichten Wissen voraus. Entsprechende Recherchen sind damit eine Grundlage solcher Arbeiten. Recherchemöglichkeiten finden sich in den Fachbibliotheken oder auch in den online-Bibliotheken des Internets, sowie über die allgemeinen Suchmöglichkeiten des Internets. Quellen können auch unveröffentlichte Materialien, Briefe, Vortragsmanuskripte sein. Achtung: Ein reines Suchen im Internet über Suchmaschinen ist keine vollständige Quellenrecherche. Die Maßnahmen zur Sicherstellung der „Vertraulichkeit Studentischer Arbeiten“ sind im gleichnamigen Infoblatt zusammengefasst. http://www.dhbw.de/fileadmin/user_upload/Dokumente/Broschueren_Handbuch_Betriebe/Infoblatt_Vertraulichkeit.pdf Bei allen weiteren Fragen zu diesen Arbeiten wenden Sie sich zur Klärung bitte an Ihre Betreuerin bzw. Ihren Betreuer, die zuständigen Sekretariate oder die Studiengangsleitungen.;https://www.dhbw.de/fileadmin/user_upload/Dokumente/Dokumente_fuer_Studierende/191212_Leitlinien_Praxismodule_Studien_Bachelorarbeiten.pdf
